AVERAGE_ATMOSP_PRESSURE,AVERAGE_FREE_FLOW_SPEED,AVERAGE_FREE_FLOW_TIME,AVERAGE_HUMIDITY,AVERAGE_TEMPERATURE,AVERAGE_TIME_DIFF,AVERAGE_WIND_SPEED,DARK,LIGHT,LOW_LIGHT,céu limpo,céu pouco nublado,day,hour,month,nublado,nuvens quebradas,weekday
1026.0,39.2,91.0,71.0,8.0,0.0,1.0,1,0,0,1,0,13,23,2,0,0,2
1020.0,42.5,76.8,93.0,11.0,12.2,4.0,1,0,0,0,0,28,20,11,0,1,2
1017.0,45.9,86.3,93.0,14.0,0.0,0.0,1,0,0,1,0,14,5,8,0,0,1
1016.0,33.2,89.9,77.0,22.0,51.7,4.0,0,1,0,0,1,6,17,7,0,0,5
1004.0,44.0,85.5,100.0,12.0,3.5,9.0,1,0,0,0,0,15,6,10,0,1,0
1017.0,36.7,70.6,82.0,20.0,22.1,4.0,0,1,0,0,0,19,13,6,0,1,2
1024.0,47.9,72.0,93.0,9.0,6.6,5.0,1,0,0,0,0,5,7,12,0,1,2
1015.0,34.7,68.3,67.0,17.0,19.1,2.0,0,1,0,0,1,20,19,5,0,0,0
1013.0,46.5,75.4,100.0,17.0,1.3,1.0,0,1,0,0,0,12,6,7,0,1,4
1014.0,38.6,75.8,60.0,21.0,20.4,2.0,0,1,0,1,0,16,14,11,0,0,4
1013.0,41.3,86.4,93.0,17.0,1.4,1.0,1,0,0,0,0,3,23,9,0,1,0
1012.0,42.1,76.6,93.0,10.0,0.0,1.0,0,1,0,0,0,25,9,11,0,1,6
1006.0,40.7,80.9,76.0,13.0,26.3,4.0,0,1,0,0,0,5,11,11,0,1,0
1016.0,33.2,90.4,88.0,24.0,52.7,4.0,0,1,0,0,0,14,15,7,0,1,6
1022.0,37.0,91.2,77.0,19.0,52.9,1.0,0,1,0,0,0,26,11,9,0,1,3
1014.0,34.2,68.8,82.0,16.0,61.8,6.0,0,1,0,0,1,8,14,5,0,0,2
1008.0,42.3,86.0,82.0,13.0,1.0,3.0,1,0,0,0,0,7,3,11,0,1,2
1016.0,33.5,76.8,82.0,17.0,57.9,4.0,0,1,0,0,0,10,11,5,0,1,4
1020.0,37.9,80.8,87.0,14.0,17.1,2.0,1,0,0,0,1,14,23,6,0,0,4
1014.0,40.4,68.1,93.0,16.0,1.8,1.0,1,0,0,0,1,26,5,6,0,0,2
1022.0,44.2,85.8,93.0,12.0,0.0,5.0,1,0,0,0,0,9,5,2,0,1,5
1012.0,36.5,68.4,82.0,11.0,3.5,2.0,1,0,0,0,1,7,1,6,0,0,4
1018.0,48.6,83.6,100.0,16.0,9.3,7.0,1,0,0,0,0,24,6,9,0,1,1
1018.0,41.2,90.2,66.0,11.0,0.0,2.0,1,0,0,1,0,7,23,10,0,0,6
1020.0,33.6,72.2,72.0,19.0,25.8,4.0,0,1,0,0,0,23,14,5,0,1,3
1017.0,42.9,87.0,53.0,21.0,33.8,2.0,1,0,0,1,0,20,22,10,0,0,5
1017.0,39.9,81.3,83.0,29.0,41.2,2.0,0,1,0,0,1,23,15,8,0,0,4
1019.0,44.8,81.4,100.0,15.0,0.0,5.0,1,0,0,0,0,29,4,8,0,1,3
1024.0,39.4,70.1,93.0,13.0,0.0,5.0,1,0,0,0,0,2,3,12,0,1,6
1015.0,37.9,88.8,68.0,20.0,102.6,3.0,0,1,0,1,0,5,15,10,0,0,4
1019.0,51.5,75.9,93.0,18.0,0.6,3.0,1,0,0,0,0,4,1,9,0,1,2
1020.0,41.6,74.4,93.0,15.0,9.5,1.0,1,0,0,0,0,28,21,9,0,1,5
1018.0,42.4,86.1,93.0,14.0,110.1,3.0,0,1,0,0,0,17,8,10,0,1,2
1004.0,33.2,74.3,76.0,12.0,16.2,1.0,0,1,0,1,0,26,14,11,0,0,0
1026.0,46.4,70.4,100.0,13.0,2.6,2.0,1,0,0,0,0,2,23,11,0,1,4
1014.0,37.1,75.5,72.0,17.0,5.6,0.0,1,0,0,1,0,4,21,5,0,0,5
1016.0,40.4,82.1,82.0,20.0,18.9,1.0,1,0,0,0,1,16,19,9,0,0,0
1013.0,37.1,81.5,78.0,24.0,45.9,2.0,0,1,0,0,0,16,18,7,0,1,1
1020.0,39.6,88.3,25.0,26.0,43.0,3.0,0,1,0,1,0,3,16,10,0,0,2
1016.0,45.1,88.3,50.0,11.0,0.0,2.0,1,0,0,1,0,8,5,10,0,0,0
1022.0,45.6,85.3,87.0,14.0,3.3,2.0,1,0,0,1,0,10,0,8,0,0,4
1020.0,42.1,88.4,100.0,15.0,0.0,1.0,1,0,0,1,0,20,5,9,0,0,3
1017.0,33.5,76.7,48.0,17.0,49.9,5.0,0,1,0,0,0,12,11,6,0,1,2
1015.0,41.5,72.4,87.0,21.0,114.1,5.0,0,1,0,0,0,15,17,5,0,1,2
1016.0,40.7,73.2,100.0,16.0,46.5,0.0,0,1,0,0,0,27,7,6,0,1,3
1021.0,43.5,86.5,44.0,16.0,16.4,3.0,1,0,0,1,0,2,22,10,0,0,1
1022.0,34.7,87.1,57.0,24.0,18.9,3.0,0,1,0,1,0,10,13,9,0,0,0
1006.0,37.3,66.3,93.0,10.0,4.8,0.0,1,0,0,0,0,21,5,11,0,1,2
1015.0,35.1,69.9,64.0,20.0,13.0,2.0,0,1,0,0,0,15,13,11,0,1,3
1021.0,40.4,91.7,93.0,16.0,8.5,1.0,1,0,0,0,0,13,0,8,0,1,1
1012.0,41.3,84.2,68.0,18.0,21.6,5.0,1,0,0,1,0,18,19,10,0,0,3
1017.0,35.6,80.7,88.0,21.0,20.0,7.0,0,1,0,0,1,29,19,6,0,0,5
1019.0,34.6,90.9,76.0,12.0,77.1,3.0,0,1,0,0,0,26,17,1,0,1,5
1018.0,42.0,85.4,68.0,21.0,36.1,5.0,0,1,0,0,0,16,14,6,0,1,6
1023.0,37.8,66.1,93.0,9.0,2.5,1.0,1,0,0,0,0,8,4,6,0,1,5
1016.0,44.1,74.9,100.0,17.0,39.8,2.0,0,1,0,0,0,23,8,7,0,1,1
1024.0,45.2,77.0,49.0,18.0,61.4,6.0,0,1,0,1,0,12,7,9,0,0,3
1024.0,39.6,88.3,69.0,25.0,70.3,3.0,0,1,0,1,0,27,16,9,0,0,3
1022.0,41.7,79.5,88.0,17.0,112.0,3.0,0,1,0,0,0,27,10,9,0,1,4
1013.0,45.8,84.7,81.0,7.0,0.0,0.0,1,0,0,0,0,29,1,10,0,1,0
1019.0,42.4,88.3,100.0,15.0,1.9,0.0,1,0,0,1,0,1,2,10,0,0,0
1024.0,55.9,66.3,93.0,10.0,1.2,2.0,1,0,0,0,0,28,4,1,0,1,0
1018.0,41.4,75.1,87.0,14.0,2.6,4.0,1,0,0,0,0,5,22,5,1,0,6
1025.0,37.4,89.0,66.0,8.0,19.8,5.0,1,0,0,1,0,14,4,2,0,0,3
1014.0,39.5,80.9,100.0,17.0,109.3,2.0,0,1,0,0,0,4,8,7,0,1,3
1017.0,35.7,62.7,76.0,10.0,0.0,4.0,1,0,0,0,0,12,5,6,0,1,2
1021.0,37.4,77.2,71.0,13.0,98.7,3.0,0,1,0,1,0,12,9,4,0,0,4
1017.0,35.7,72.1,76.0,13.0,10.7,3.0,1,0,0,0,1,18,21,5,0,0,5
1012.0,41.0,71.8,100.0,16.0,40.2,7.0,0,1,0,0,0,9,14,5,0,1,3
1023.0,36.2,78.9,77.0,16.0,139.1,4.0,0,1,0,0,1,11,10,5,0,0,5
1021.0,42.0,75.9,93.0,11.0,0.0,3.0,1,0,0,1,0,25,1,1,0,0,4
1015.0,35.0,81.6,72.0,19.0,28.4,2.0,1,0,0,1,0,15,17,11,0,0,3
1024.0,38.2,67.7,87.0,13.0,18.0,5.0,0,1,0,0,0,28,11,1,0,1,0
1021.0,32.2,81.8,50.0,11.0,18.9,6.0,0,1,0,0,0,2,14,2,0,1,5
1014.0,39.6,87.8,33.0,29.0,91.5,3.0,0,1,0,1,0,20,18,8,0,0,0
1025.0,44.3,80.4,93.0,15.0,52.3,4.0,0,1,0,0,0,2,16,11,0,1,4
1018.0,45.0,79.6,39.0,17.0,4.1,5.0,0,1,0,1,0,7,8,9,0,0,5
1021.0,37.5,67.1,93.0,11.0,0.8,1.0,1,0,0,0,0,27,2,1,1,0,6
1018.0,37.6,85.0,73.0,26.0,40.9,4.0,0,1,0,0,0,21,17,7,0,1,6
1031.0,44.3,76.7,93.0,13.0,29.1,0.0,0,1,0,0,0,6,10,12,0,1,3
1016.0,41.2,84.0,88.0,18.0,11.9,2.0,1,0,0,1,0,14,22,8,0,0,1
1016.0,34.1,80.2,58.0,13.0,16.4,3.0,0,1,0,0,1,19,10,5,0,0,6
1020.0,46.2,71.5,93.0,13.0,155.6,3.0,0,1,0,0,0,23,8,9,0,1,0
1017.0,39.3,90.2,93.0,11.0,0.0,2.0,1,0,0,0,0,17,23,2,0,1,6
1015.0,46.2,87.3,93.0,16.0,0.0,1.0,1,0,0,1,0,15,3,8,0,0,2
1018.0,36.3,78.7,47.0,25.0,12.3,1.0,0,1,0,1,0,1,9,6,0,0,5
1019.0,36.8,69.0,63.0,15.0,0.8,5.0,1,0,0,1,0,25,3,5,0,0,5
1020.0,35.4,80.8,60.0,23.0,39.6,5.0,0,1,0,1,0,25,15,5,0,0,5
1017.0,45.4,89.7,44.0,12.0,1.9,3.0,1,0,0,1,0,8,1,10,0,0,0
1021.0,46.8,87.6,73.0,24.0,47.7,4.0,0,1,0,1,0,15,12,8,0,0,3
1013.0,33.3,84.1,87.0,15.0,42.7,4.0,0,1,0,0,0,8,11,5,0,1,2
1017.0,42.1,79.6,93.0,16.0,0.0,2.0,1,0,0,0,0,16,5,9,0,1,0
1010.0,42.5,83.8,75.0,8.0,0.0,4.0,1,0,0,1,0,27,22,10,0,0,5
1019.0,33.6,92.9,77.0,21.0,62.7,5.0,0,1,0,0,0,15,18,8,0,1,3
1028.0,35.5,97.6,46.0,19.0,34.5,2.0,0,1,0,1,0,25,16,2,0,0,0
1021.0,44.0,87.4,100.0,14.0,0.0,0.0,1,0,0,1,0,24,4,9,0,0,0
1015.0,40.7,84.3,83.0,24.0,83.7,4.0,0,1,0,0,0,18,18,7,0,1,3
1010.0,38.7,81.6,93.0,11.0,0.6,1.0,1,0,0,0,0,25,4,11,0,1,6
1021.0,35.6,71.1,93.0,8.0,1.3,0.0,1,0,0,1,0,12,1,4,0,0,4
1018.0,44.4,77.2,93.0,10.0,71.2,3.0,0,1,0,0,0,18,10,2,0,1,0
1029.0,35.7,100.9,66.0,13.0,44.7,3.0,0,1,0,1,0,11,15,2,0,0,0
1028.0,31.7,95.2,67.0,15.0,19.4,2.0,0,1,0,0,0,27,16,2,0,1,2
1021.0,37.8,90.6,93.0,4.0,2.4,2.0,1,0,0,1,0,20,0,2,0,0,2
1027.0,39.1,91.6,100.0,8.0,0.0,0.0,1,0,0,1,0,1,6,3,0,0,4
1015.0,35.5,81.6,82.0,18.0,48.3,2.0,0,1,0,0,0,17,16,6,0,1,0
1018.0,34.7,91.0,88.0,21.0,19.4,3.0,0,1,0,0,0,18,14,9,0,1,1
1014.0,43.1,78.3,65.0,26.0,157.7,1.0,0,1,0,1,0,11,9,7,0,0,3
1030.0,41.7,81.2,87.0,14.0,41.2,3.0,0,1,0,0,0,7,15,12,0,1,4
1015.0,41.4,85.1,77.0,15.0,8.7,6.0,0,1,0,0,0,14,12,10,0,1,6
1011.0,43.5,86.0,73.0,20.0,0.0,2.0,1,0,0,1,0,2,5,9,0,0,6
1019.0,40.4,83.2,50.0,23.0,7.3,4.0,1,0,0,1,0,24,19,9,0,0,0
1016.0,41.8,83.1,93.0,14.0,0.0,1.0,0,1,0,0,0,20,7,6,0,1,3
1015.0,40.8,89.3,82.0,20.0,74.6,2.0,0,1,0,0,0,25,17,7,0,1,2
1021.0,38.1,89.9,88.0,18.0,70.7,2.0,0,1,0,0,0,9,15,9,0,1,6
1022.0,44.5,85.4,100.0,13.0,0.0,0.0,1,0,0,1,0,23,4,9,0,0,6
1019.0,39.9,92.9,88.0,18.0,10.5,4.0,1,0,0,0,0,20,21,7,0,1,5
1018.0,37.9,89.3,68.0,21.0,23.8,9.0,0,1,0,0,0,12,11,10,0,1,4
1022.0,44.3,85.8,87.0,13.0,0.0,2.0,1,0,0,1,0,10,3,8,0,0,4
1017.0,35.9,78.2,100.0,14.0,4.8,4.0,1,0,0,0,0,14,4,4,0,1,6
1013.0,42.8,86.2,56.0,22.0,129.6,5.0,0,1,0,1,0,19,15,10,0,0,4
986.0,42.5,72.2,78.0,14.0,0.0,2.0,0,1,0,0,0,18,9,11,0,1,6
1014.0,48.4,80.4,87.0,13.0,0.0,0.0,1,0,0,1,0,26,3,8,0,0,6
1007.0,38.5,87.9,88.0,20.0,31.1,1.0,1,0,0,0,0,13,19,10,0,1,5
1021.0,45.8,85.5,93.0,17.0,8.8,1.0,1,0,0,0,0,20,20,9,0,1,3
1018.0,35.9,90.4,77.0,24.0,38.1,6.0,0,1,0,0,1,20,17,7,0,0,5
1017.0,41.9,86.6,88.0,19.0,61.8,2.0,0,1,0,0,0,28,15,8,0,1,1
1017.0,37.5,63.4,100.0,15.0,9.4,5.0,1,0,0,0,0,21,4,6,0,1,4
1000.0,45.4,74.9,66.0,11.0,43.1,3.0,0,1,0,0,0,23,18,4,0,1,1
1020.0,40.4,83.2,38.0,23.0,26.2,3.0,0,1,0,1,0,1,14,10,0,0,0
1019.0,45.0,80.6,100.0,15.0,1.0,1.0,1,0,0,1,0,24,6,8,0,0,4
1021.0,43.9,84.7,77.0,18.0,31.9,1.0,0,1,0,1,0,12,9,9,0,0,2
1016.0,47.9,70.1,64.0,24.0,4.5,2.0,1,0,0,1,0,2,21,9,0,0,0
1007.0,40.3,85.7,72.0,15.0,24.5,5.0,0,1,0,0,0,5,15,11,0,1,0
1016.0,40.1,90.9,83.0,21.0,42.3,0.0,1,0,0,0,0,4,23,8,0,1,5
1015.0,46.5,74.0,93.0,7.0,105.1,4.0,0,1,0,0,0,30,9,1,0,1,2
1017.0,36.4,78.7,88.0,18.0,24.0,5.0,0,0,1,0,1,29,20,6,0,0,5
1016.0,38.4,86.2,82.0,20.0,6.7,3.0,0,0,1,1,0,26,20,7,0,0,3
1015.0,33.9,76.0,31.0,28.0,31.9,3.0,0,1,0,1,0,14,15,5,0,0,1
1020.0,42.3,82.3,63.0,10.0,61.7,2.0,0,1,0,1,0,25,9,10,0,0,3
1018.0,38.2,93.4,93.0,12.0,7.5,2.0,0,1,0,0,0,1,10,11,0,1,3
1021.0,44.9,84.6,87.0,10.0,4.5,0.0,1,0,0,1,0,25,1,10,0,0,3
1022.0,37.6,65.9,67.0,15.0,57.8,4.0,0,0,1,0,1,7,20,6,0,0,4
1019.0,35.0,87.8,77.0,22.0,154.9,5.0,0,1,0,0,0,16,11,8,0,1,4
1017.0,41.6,79.9,77.0,20.0,53.2,4.0,0,1,0,0,1,22,15,9,0,0,6
1017.0,41.4,80.2,77.0,18.0,9.2,6.0,1,0,0,0,0,18,20,8,0,1,6
1017.0,40.3,81.8,39.0,27.0,21.8,4.0,0,1,0,1,0,8,14,9,0,0,6
1024.0,40.3,87.9,87.0,14.0,63.4,3.0,0,1,0,0,0,3,12,11,0,1,5
1018.0,39.6,89.1,68.0,18.0,58.9,7.0,0,1,0,0,0,6,17,10,0,1,5
1017.0,39.9,85.9,93.0,19.0,46.2,2.0,0,1,0,0,0,9,9,7,0,1,1
1016.0,50.3,77.5,100.0,11.0,0.0,2.0,1,0,0,1,0,6,4,10,0,0,5
1015.0,45.0,84.2,100.0,18.0,34.3,6.0,0,1,0,0,0,9,8,8,0,1,4
1012.0,37.8,64.5,93.0,10.0,0.0,3.0,1,0,0,0,0,13,3,6,0,1,3
1017.0,34.3,81.9,100.0,16.0,7.5,5.0,1,0,0,0,0,26,4,7,0,1,4
1027.0,38.9,96.8,54.0,16.0,47.6,3.0,1,0,0,1,0,22,20,2,0,0,4
1011.0,45.0,80.6,93.0,13.0,100.3,2.0,0,0,1,1,0,18,7,10,0,0,3
1007.0,35.7,89.1,56.0,20.0,10.3,6.0,0,1,0,1,0,17,14,11,0,0,5
1018.0,33.3,81.7,77.0,21.0,41.8,5.0,0,1,0,0,1,29,15,4,0,0,0
1016.0,44.1,86.4,88.0,25.0,57.8,2.0,0,1,0,0,0,22,18,7,0,1,0
1018.0,34.5,77.7,42.0,29.0,32.2,2.0,0,1,0,1,0,1,12,6,0,0,5
1016.0,42.3,83.2,100.0,16.0,9.8,4.0,1,0,0,0,0,17,19,9,0,1,0
1016.0,42.2,84.1,47.0,27.0,38.2,5.0,0,1,0,1,0,14,17,8,0,0,1
1018.0,41.1,81.8,53.0,27.0,78.6,7.0,0,1,0,1,0,20,16,8,0,0,1
1018.0,41.8,81.1,93.0,15.0,0.0,0.0,1,0,0,1,0,25,1,8,0,0,5
1017.0,40.1,84.7,73.0,22.0,6.9,4.0,0,1,0,0,0,28,13,7,0,1,5
1022.0,37.5,94.1,73.0,21.0,45.9,2.0,0,1,0,0,1,10,11,8,0,0,5
1024.0,47.5,67.2,100.0,5.0,5.6,3.0,1,0,0,1,0,21,1,1,0,0,0
1024.0,40.8,82.7,41.0,22.0,51.9,2.0,0,1,0,1,0,24,14,10,0,0,2
1020.0,38.5,74.4,93.0,10.0,6.8,3.0,1,0,0,0,0,26,21,1,0,1,5
1010.0,40.9,87.0,50.0,12.0,21.1,9.0,0,1,0,0,0,28,12,10,0,1,6
1015.0,47.2,76.2,100.0,17.0,0.0,0.0,1,0,0,0,0,23,5,7,0,1,1
1019.0,40.1,67.1,100.0,12.0,0.0,1.0,1,0,0,0,0,23,5,5,0,1,3
1014.0,32.7,91.2,93.0,21.0,33.4,1.0,0,1,0,0,0,16,11,7,0,1,1
1027.0,41.5,88.9,76.0,11.0,0.0,5.0,1,0,0,1,0,24,4,2,0,0,6
1013.0,42.4,86.6,86.0,5.0,8.3,0.0,1,0,0,1,0,29,2,10,0,0,0
1024.0,37.9,76.1,76.0,12.0,20.3,4.0,0,1,0,0,0,27,12,11,0,1,1
1012.0,44.8,84.7,72.0,20.0,0.0,3.0,1,0,0,1,0,2,6,9,0,0,6
1017.0,36.5,81.1,88.0,19.0,10.2,3.0,0,1,0,0,0,20,13,6,0,1,3
1019.0,43.2,63.3,100.0,16.0,9.4,1.0,0,1,0,0,0,1,6,7,0,1,0
1013.0,44.0,85.5,47.0,26.0,32.3,4.0,0,1,0,1,0,2,15,9,0,0,6
1017.0,36.2,77.2,93.0,18.0,5.3,5.0,1,0,0,0,0,28,22,6,0,1,4
1020.0,42.1,75.9,76.0,12.0,38.7,7.0,1,0,0,0,0,22,18,1,0,1,1
1013.0,44.4,75.0,40.0,19.0,47.9,5.0,1,0,0,1,0,8,18,10,0,0,0
1013.0,35.7,62.3,87.0,11.0,6.4,1.0,1,0,0,0,0,14,2,6,0,1,4
1017.0,39.6,87.8,93.0,17.0,122.7,0.0,0,1,0,0,0,18,9,9,1,0,1
1014.0,39.9,75.7,93.0,19.0,1.7,2.0,1,0,0,0,1,7,21,7,0,0,6
1019.0,41.8,74.6,76.0,11.0,8.8,0.0,1,0,0,1,0,29,23,3,0,0,4
1017.0,32.2,80.8,87.0,16.0,30.4,5.0,0,1,0,0,0,7,11,5,0,1,1
1020.0,41.5,67.2,39.0,27.0,42.3,5.0,0,1,0,1,0,29,17,5,0,0,2
1019.0,41.7,77.6,68.0,18.0,50.9,3.0,0,1,0,1,0,5,7,9,0,0,3
1022.0,43.1,79.0,100.0,7.0,4.4,2.0,1,0,0,0,0,13,0,11,0,1,1
1012.0,46.4,79.9,100.0,16.0,0.0,0.0,1,0,0,0,0,16,0,10,0,1,1
1017.0,42.6,79.7,88.0,17.0,6.5,3.0,1,0,0,0,0,31,21,8,0,1,5
1016.0,41.0,90.4,100.0,19.0,92.6,1.0,0,1,0,0,0,25,16,7,0,1,3
1022.0,37.4,91.6,100.0,18.0,36.7,2.0,0,1,0,0,0,20,11,9,1,0,3
1012.0,46.4,83.7,100.0,16.0,0.0,1.0,1,0,0,0,0,28,5,8,0,1,1
1015.0,42.7,62.6,93.0,10.0,6.0,4.0,1,0,0,0,0,20,1,5,0,1,0
1021.0,39.3,87.4,77.0,20.0,86.8,7.0,0,1,0,1,0,12,18,8,0,0,0
1017.0,41.1,79.2,93.0,13.0,33.7,9.0,0,1,0,0,0,23,15,1,0,1,2
1019.0,44.9,92.4,100.0,15.0,16.9,6.0,1,0,0,0,0,16,5,8,0,1,4
1015.0,40.6,69.6,100.0,16.0,86.3,3.0,0,1,0,0,0,19,9,6,0,1,2
1014.0,45.6,87.8,100.0,16.0,9.0,4.0,1,0,0,0,0,19,0,6,0,1,2
1016.0,47.8,75.9,100.0,17.0,1.9,1.0,1,0,0,0,0,19,22,9,0,1,3
1027.0,32.8,106.1,39.0,17.0,33.5,2.0,0,1,0,1,0,13,16,2,0,0,2
1019.0,35.2,74.3,100.0,7.0,11.5,1.0,1,0,0,1,0,25,6,1,0,0,4
1010.0,40.0,87.9,38.0,23.0,17.0,3.0,0,1,0,1,0,9,12,10,0,0,1
1017.0,37.4,90.3,93.0,16.0,4.6,2.0,1,0,0,0,0,18,2,7,0,1,3
1018.0,32.5,85.8,76.0,14.0,94.2,3.0,0,1,0,0,0,17,17,2,0,1,6
1010.0,36.6,77.3,72.0,17.0,5.5,5.0,0,1,0,1,0,17,10,11,0,0,5
1013.0,34.4,91.5,73.0,23.0,20.6,2.0,0,1,0,1,0,24,19,7,0,0,2
1020.0,40.7,78.5,100.0,16.0,1.6,2.0,1,0,0,0,0,18,23,9,0,1,1
1017.0,45.6,90.8,81.0,11.0,0.0,0.0,1,0,0,1,0,5,1,10,0,0,4
1016.0,35.9,61.9,76.0,11.0,0.8,5.0,1,0,0,0,0,17,4,5,0,1,4
1028.0,42.8,89.7,44.0,15.0,77.6,2.0,0,1,0,1,0,12,16,2,0,0,1
1029.0,45.3,64.9,66.0,8.0,4.4,3.0,1,0,0,1,0,10,4,12,0,0,0
1010.0,43.0,89.3,47.0,14.0,26.9,9.0,0,1,0,0,0,28,14,10,0,1,6
1024.0,42.1,75.0,100.0,10.0,0.0,6.0,1,0,0,0,0,28,6,1,0,1,0
1015.0,34.9,83.1,88.0,19.0,13.4,1.0,0,1,0,0,1,24,11,6,0,0,0
1022.0,41.4,80.5,82.0,13.0,55.0,4.0,1,0,0,0,0,27,18,11,0,1,1
1019.0,42.4,88.3,44.0,26.0,81.3,3.0,0,1,0,0,0,11,17,9,0,1,1
1030.0,41.5,75.5,81.0,9.0,0.0,2.0,1,0,0,1,0,10,1,12,0,0,0
1015.0,33.7,84.1,82.0,21.0,9.8,3.0,0,1,0,0,1,6,19,7,0,0,5
1016.0,43.8,86.3,100.0,18.0,0.0,3.0,1,0,0,0,0,26,0,7,0,1,3
1017.0,36.9,90.9,82.0,22.0,36.1,6.0,0,1,0,0,1,31,17,8,0,0,5
1020.0,45.3,81.6,87.0,12.0,124.0,5.0,0,1,0,0,0,9,9,11,0,1,4
999.0,37.5,77.1,87.0,15.0,67.4,6.0,0,1,0,0,0,22,16,4,0,1,0
1023.0,42.3,74.6,93.0,13.0,0.0,5.0,1,0,0,0,0,2,5,12,0,1,6
1020.0,37.3,94.8,67.0,16.0,5.6,7.0,0,1,0,0,0,17,13,2,0,1,6
1014.0,36.0,87.8,82.0,20.0,51.6,3.0,0,1,0,0,0,20,14,9,0,1,4
1019.0,45.8,84.4,100.0,15.0,22.7,8.0,1,0,0,0,0,21,5,7,0,1,6
1030.0,50.3,73.8,80.0,1.0,75.0,4.0,0,0,1,1,0,4,8,2,0,0,0
1016.0,45.3,65.6,100.0,15.0,1.8,1.0,1,0,0,0,0,25,1,6,0,1,1
1032.0,39.0,90.0,93.0,10.0,92.6,1.0,0,1,0,1,0,28,10,2,0,0,3
1020.0,47.7,73.2,100.0,7.0,0.0,1.0,1,0,0,0,0,15,22,1,0,1,1
1021.0,36.3,74.3,81.0,5.0,11.3,2.0,0,1,0,1,0,26,9,1,0,0,5
1016.0,49.0,73.4,93.0,19.0,2.1,1.0,1,0,0,0,0,23,21,7,0,1,1
1020.0,42.2,94.6,100.0,15.0,14.9,1.0,0,1,0,0,0,16,9,9,0,1,6
1017.0,46.2,79.5,100.0,17.0,0.0,2.0,1,0,0,0,0,16,23,9,0,1,0
1021.0,42.0,87.4,100.0,16.0,41.7,2.0,0,1,0,0,0,20,10,9,1,0,3
1018.0,40.8,88.2,42.0,27.0,41.7,4.0,0,1,0,1,0,14,17,9,0,0,5
1023.0,37.5,92.5,100.0,11.0,6.4,4.0,1,0,0,0,0,8,23,2,0,1,4
1014.0,42.9,86.4,100.0,16.0,5.9,1.0,1,0,0,0,0,20,4,9,1,0,4
1014.0,39.1,91.8,82.0,12.0,0.0,7.0,0,1,0,0,1,5,9,3,0,0,1
1019.0,34.9,73.2,60.0,20.0,28.6,8.0,0,1,0,0,1,24,13,5,0,0,4
1007.0,47.9,78.4,100.0,13.0,8.9,4.0,1,0,0,0,0,30,21,1,0,1,2
1014.0,40.4,83.2,60.0,22.0,11.9,2.0,1,0,0,1,0,20,21,8,0,0,0
1015.0,42.3,84.3,82.0,14.0,58.9,1.0,0,1,0,0,0,7,10,11,0,1,2
1013.0,44.5,87.0,77.0,16.0,0.7,2.0,1,0,0,1,0,19,5,10,0,0,4
1018.0,44.9,82.4,93.0,17.0,1.2,5.0,1,0,0,0,0,9,0,8,0,1,3
1021.0,38.2,81.0,73.0,21.0,34.1,6.0,0,1,0,0,1,23,14,9,0,0,0
1015.0,32.1,80.4,82.0,15.0,43.7,3.0,0,1,0,0,0,19,11,4,0,1,4
1009.0,44.0,68.5,82.0,12.0,0.0,3.0,1,0,0,1,0,17,0,4,0,0,2
1024.0,48.9,63.1,100.0,4.0,7.5,3.0,1,0,0,1,0,21,7,1,0,0,0
1020.0,37.3,90.8,68.0,20.0,17.8,3.0,0,0,1,1,0,10,19,9,0,0,0
1012.0,37.3,95.4,81.0,12.0,20.1,3.0,0,1,0,0,0,25,11,11,0,1,6
1018.0,36.2,86.9,77.0,23.0,63.8,5.0,0,1,0,0,0,28,17,8,0,1,2
1014.0,41.4,90.7,100.0,20.0,46.5,6.0,0,1,0,0,0,25,9,7,0,1,3
1016.0,45.4,89.2,93.0,13.0,2.0,1.0,1,0,0,1,0,1,4,8,0,0,2
1010.0,43.0,69.5,93.0,11.0,3.2,6.0,1,0,0,0,0,18,1,4,0,1,3
1021.0,41.7,85.8,93.0,3.0,8.9,3.0,1,0,0,1,0,20,2,2,0,0,2
1020.0,36.8,61.9,63.0,20.0,4.2,1.0,1,0,0,1,0,12,23,5,0,0,6
1018.0,49.5,71.7,100.0,16.0,4.9,1.0,1,0,0,0,0,18,22,9,0,1,2
1014.0,35.6,92.6,100.0,6.0,1.4,1.0,1,0,0,0,0,1,4,11,0,1,3
1014.0,35.0,81.5,82.0,21.0,1.4,4.0,0,1,0,0,1,7,19,7,0,0,6
993.0,41.4,89.4,81.0,10.0,22.7,6.0,0,1,0,0,0,1,11,2,0,1,4
1016.0,45.8,72.6,100.0,19.0,3.6,3.0,1,0,0,0,0,18,0,8,0,1,6
1019.0,31.7,81.5,62.0,15.0,18.3,3.0,0,1,0,0,0,13,10,4,0,1,5
1020.0,40.1,82.7,87.0,14.0,42.0,3.0,0,1,0,0,0,1,16,11,0,1,3
1008.0,39.3,80.5,100.0,13.0,29.9,3.0,1,0,0,0,0,19,19,1,0,1,5
1017.0,36.0,63.0,93.0,13.0,5.1,2.0,1,0,0,0,0,22,2,5,0,1,2
1017.0,42.9,66.7,68.0,21.0,7.9,2.0,1,0,0,1,0,6,21,9,0,0,4
999.0,44.2,86.2,93.0,10.0,17.9,9.0,1,0,0,0,0,30,0,10,0,1,1
1019.0,47.0,84.2,100.0,13.0,0.0,8.0,0,1,0,0,0,10,9,2,0,1,6
1012.0,40.4,85.5,58.0,12.0,23.6,2.0,0,1,0,0,0,29,12,10,0,1,0
1015.0,43.3,85.2,57.0,22.0,9.8,4.0,1,0,0,1,0,17,20,8,0,0,4
1024.0,37.3,98.4,66.0,12.0,8.7,6.0,0,1,0,0,0,27,13,1,0,1,6
1014.0,42.2,88.8,100.0,18.0,14.7,1.0,1,0,0,0,0,18,4,8,0,1,6
1011.0,34.6,79.2,82.0,17.0,30.9,9.0,0,1,0,0,0,18,10,6,0,1,1
1023.0,32.9,78.5,93.0,14.0,178.6,5.0,1,0,0,0,0,1,17,12,0,1,5
1028.0,41.4,89.0,58.0,8.0,0.0,5.0,1,0,0,1,0,25,5,2,0,0,0
1019.0,47.3,92.1,100.0,14.0,0.0,0.0,1,0,0,1,0,1,5,10,0,0,0
1014.0,39.4,83.4,87.0,13.0,58.1,5.0,0,1,0,0,0,23,12,11,0,1,4
1015.0,39.9,67.1,93.0,12.0,0.0,1.0,1,0,0,0,0,9,3,5,0,1,3
1016.0,41.8,61.1,77.0,14.0,0.0,0.0,1,0,0,0,0,20,22,5,0,1,0
1013.0,42.0,83.8,93.0,18.0,6.9,4.0,1,0,0,0,0,9,5,8,0,1,4
1013.0,44.8,65.5,100.0,9.0,1.8,0.0,1,0,0,0,0,14,5,6,0,1,4
1017.0,33.8,70.5,68.0,21.0,19.7,4.0,0,1,0,0,1,27,11,5,0,0,0
1023.0,41.9,76.6,82.0,12.0,28.5,6.0,0,1,0,0,0,28,17,1,0,1,0
1018.0,37.7,64.9,93.0,15.0,2.2,1.0,1,0,0,0,0,27,0,5,0,1,0
1020.0,40.4,87.4,14.0,29.0,30.0,4.0,0,1,0,1,0,2,16,10,0,0,1
1017.0,44.6,68.1,67.0,15.0,98.1,8.0,0,1,0,0,1,17,17,5,0,0,4
985.0,47.8,71.3,96.0,11.0,0.0,0.0,1,0,0,0,0,19,0,11,0,1,0
1023.0,46.6,73.6,82.0,13.0,4.1,3.0,1,0,0,0,0,11,2,9,0,1,2
1017.0,36.1,84.7,77.0,22.0,11.1,6.0,0,1,0,0,1,29,13,6,0,0,5
1013.0,41.3,75.9,82.0,15.0,60.5,2.0,0,0,1,0,1,18,19,4,0,0,3
1023.0,46.3,82.8,87.0,12.0,0.0,5.0,1,0,0,0,0,11,5,9,0,1,2
1021.0,37.1,89.6,77.0,20.0,44.6,2.0,0,1,0,0,0,12,15,9,0,1,2
1022.0,36.4,93.1,58.0,12.0,10.5,3.0,1,0,0,1,0,14,21,2,0,0,3
1021.0,41.3,81.4,33.0,31.0,25.1,4.0,0,1,0,1,0,13,13,9,0,0,4
1019.0,44.7,73.3,93.0,18.0,1.9,1.0,1,0,0,0,0,30,1,9,1,0,0
1013.0,41.9,86.6,100.0,16.0,0.0,1.0,1,0,0,0,0,5,4,9,0,1,2
1015.0,43.4,83.4,93.0,18.0,0.0,2.0,1,0,0,0,0,25,4,7,0,1,2
1015.0,38.1,67.3,72.0,13.0,1.2,5.0,1,0,0,1,0,14,22,11,0,0,2
1022.0,40.3,77.4,100.0,15.0,4.7,1.0,1,0,0,0,0,28,0,9,0,1,5
1018.0,34.5,79.1,100.0,17.0,11.6,1.0,1,0,0,0,0,30,21,8,0,1,4
1012.0,34.5,93.6,88.0,17.0,6.2,5.0,0,1,0,0,0,10,14,11,0,1,5
1011.0,40.3,81.7,71.0,13.0,22.5,3.0,0,1,0,0,0,8,16,11,0,1,3
1009.0,35.3,87.7,63.0,19.0,20.7,5.0,0,1,0,1,0,17,12,11,0,0,5
1014.0,37.8,64.8,87.0,13.0,2.4,4.0,1,0,0,0,0,16,5,5,1,0,3
1032.0,47.7,72.6,100.0,7.0,0.0,1.0,0,1,0,0,0,8,8,12,0,1,5
1014.0,38.4,86.7,72.0,18.0,17.2,5.0,1,0,0,1,0,11,20,10,0,0,3
1018.0,44.0,85.5,66.0,11.0,0.0,0.0,1,0,0,1,0,4,5,10,0,0,3
1013.0,41.6,80.9,64.0,23.0,8.5,3.0,0,0,1,1,0,1,19,9,0,0,6
1002.0,42.7,83.7,87.0,12.0,0.5,2.0,1,0,0,0,0,5,0,11,0,1,0
1016.0,35.3,82.6,56.0,23.0,37.9,3.0,0,1,0,1,0,20,13,4,0,0,5
1020.0,37.5,92.5,87.0,8.0,2.6,3.0,1,0,0,1,0,17,4,2,0,0,6
1027.0,43.9,88.2,66.0,8.0,75.5,4.0,0,1,0,1,0,22,9,2,0,0,4
1020.0,46.9,71.7,93.0,10.0,1.7,3.0,1,0,0,1,0,25,0,1,0,0,4
1015.0,40.0,87.9,88.0,19.0,37.8,3.0,0,1,0,0,0,5,16,9,0,1,2
1014.0,45.5,79.8,82.0,12.0,64.5,3.0,1,0,0,1,0,23,19,11,0,0,4
1019.0,37.1,89.6,64.0,23.0,35.5,3.0,0,1,0,1,0,24,15,8,0,0,4
1021.0,34.1,67.3,93.0,16.0,7.1,1.0,1,0,0,0,0,11,23,5,0,1,5
1022.0,38.2,84.9,82.0,20.0,37.7,2.0,0,1,0,0,0,26,12,9,0,1,3
1009.0,34.8,88.4,100.0,9.0,7.4,2.0,1,0,0,1,0,31,21,10,0,0,2
1021.0,41.4,89.4,73.0,22.0,29.2,3.0,0,1,0,1,0,12,14,9,0,0,2
1013.0,45.8,84.1,76.0,10.0,0.0,5.0,1,0,0,0,0,8,5,11,0,1,3
1018.0,34.9,79.4,82.0,15.0,39.1,2.0,0,1,0,0,0,24,17,1,0,1,3
1016.0,37.8,63.8,93.0,15.0,1.8,9.0,1,0,0,0,0,30,4,6,0,1,6
1018.0,40.0,87.9,40.0,19.0,66.3,3.0,0,1,0,1,0,7,15,10,0,0,6
1014.0,32.4,85.0,82.0,12.0,57.4,5.0,0,1,0,0,0,25,17,4,0,1,3
1015.0,42.5,86.9,53.0,23.0,9.3,3.0,0,1,0,1,0,26,13,8,0,0,6
1024.0,39.8,76.8,71.0,12.0,31.9,4.0,1,0,0,1,0,21,18,1,0,0,0
1021.0,38.2,57.4,72.0,14.0,3.1,3.0,1,0,0,1,0,12,3,5,0,0,6
1025.0,43.3,87.4,55.0,14.0,2.8,3.0,1,0,0,1,0,24,4,10,0,0,2
1031.0,36.8,76.2,87.0,16.0,11.7,2.0,0,1,0,0,0,6,13,12,0,1,3
1022.0,37.0,91.2,77.0,17.0,5.4,7.0,1,0,0,1,0,9,20,8,0,0,3
1000.0,43.9,71.1,87.0,12.0,97.7,3.0,0,1,0,0,0,20,10,11,0,1,1
1029.0,49.7,78.2,71.0,11.0,1.6,3.0,1,0,0,1,0,23,4,2,0,0,5
1019.0,45.1,86.0,72.0,17.0,0.0,1.0,1,0,0,1,0,25,0,9,0,0,1
1012.0,44.1,64.8,100.0,15.0,32.9,5.0,0,1,0,0,0,9,19,5,0,1,3
1016.0,41.7,79.0,93.0,18.0,23.9,1.0,0,1,0,0,0,25,9,7,0,1,2
1020.0,41.3,81.9,100.0,15.0,3.0,1.0,1,0,0,0,0,16,0,9,0,1,6
1016.0,38.5,82.8,93.0,18.0,5.5,2.0,0,0,1,0,0,24,20,7,0,1,1
1017.0,44.7,80.6,87.0,15.0,6.9,0.0,1,0,0,1,0,30,22,8,0,0,3
1012.0,37.7,89.8,72.0,19.0,14.4,2.0,1,0,0,1,0,7,23,9,0,0,4
1017.0,39.3,79.9,100.0,14.0,2.6,4.0,0,1,0,0,0,14,8,4,0,1,6
1019.0,33.2,83.8,100.0,17.0,66.0,1.0,0,1,0,0,0,28,10,8,1,0,2
1011.0,41.8,74.8,76.0,13.0,0.0,3.0,1,0,0,1,0,1,4,4,0,0,0
1026.0,35.8,89.1,93.0,4.0,3.7,0.0,1,0,0,0,0,3,0,2,0,1,6
1013.0,37.1,70.4,93.0,18.0,31.4,0.0,0,0,1,0,1,23,20,6,0,0,6
1015.0,34.1,83.5,93.0,19.0,30.0,3.0,0,1,0,0,0,8,11,7,0,1,0
1020.0,34.6,66.1,60.0,21.0,10.1,0.0,1,0,0,1,0,30,23,5,0,0,3
1012.0,40.5,70.0,93.0,17.0,76.5,12.0,0,1,0,0,0,18,14,6,0,1,1
1023.0,36.7,66.3,100.0,12.0,2.5,4.0,1,0,0,0,0,28,3,4,0,1,6
1032.0,45.4,84.3,93.0,8.0,116.5,1.0,0,1,0,0,0,28,9,2,0,1,3
1022.0,35.1,73.4,100.0,12.0,28.4,1.0,1,0,0,0,0,4,17,12,0,1,1
1018.0,45.6,69.1,100.0,15.0,107.4,1.0,0,1,0,0,0,3,7,6,0,1,0
1031.0,44.7,75.5,93.0,13.0,5.0,1.0,1,0,0,0,0,6,23,12,0,1,3
1014.0,47.6,80.6,76.0,10.0,2.3,5.0,1,0,0,0,0,8,2,11,0,1,3
1021.0,44.2,87.6,64.0,20.0,53.9,5.0,0,1,0,1,0,10,16,8,0,0,4
1021.0,41.9,86.6,38.0,20.0,83.7,1.0,0,1,0,1,0,26,9,9,0,0,2
1020.0,45.7,88.3,93.0,15.0,0.7,2.0,1,0,0,0,0,29,4,8,0,1,2
1016.0,35.2,78.7,100.0,16.0,4.2,3.0,0,1,0,0,0,20,7,7,0,1,5
1030.0,42.0,95.1,87.0,12.0,19.0,0.0,1,0,0,0,0,27,20,2,0,1,2
1017.0,47.7,66.9,100.0,9.0,43.3,1.0,0,1,0,0,0,2,7,4,0,1,1
1016.0,36.5,81.9,63.0,17.0,35.3,4.0,0,1,0,1,0,16,12,4,0,0,1
1025.0,41.5,87.5,45.0,17.0,25.3,5.0,0,1,0,1,0,14,12,2,0,0,3
1015.0,38.7,73.6,72.0,15.0,8.8,5.0,1,0,0,1,0,14,20,11,0,0,2
1027.0,37.3,94.6,72.0,16.0,38.2,1.0,1,0,0,1,0,25,19,2,0,0,0
1022.0,39.9,68.4,93.0,9.0,0.0,2.0,0,1,0,0,0,8,7,6,0,1,5
1021.0,43.2,81.1,100.0,16.0,5.1,1.0,1,0,0,0,0,12,22,9,0,1,2
1029.0,42.5,89.2,93.0,11.0,5.6,2.0,1,0,0,0,0,28,21,2,0,1,3
1000.0,37.4,77.0,66.0,12.0,40.8,3.0,0,1,0,0,0,23,17,4,0,1,1
1019.0,44.5,85.0,100.0,16.0,3.7,0.0,1,0,0,1,0,24,2,8,0,0,4
1016.0,39.8,82.2,93.0,18.0,3.1,1.0,1,0,0,0,0,24,22,7,0,1,1
1022.0,45.1,76.0,76.0,12.0,5.7,5.0,1,0,0,0,0,28,7,11,1,0,2
1016.0,44.9,70.6,77.0,22.0,10.2,3.0,1,0,0,1,0,22,23,8,0,0,3
1001.0,39.0,70.7,76.0,8.0,1.3,6.0,1,0,0,1,0,24,0,4,0,0,2
1020.0,42.2,88.2,100.0,13.0,0.0,0.0,1,0,0,1,0,11,3,8,0,0,5
1011.0,45.7,77.8,93.0,12.0,85.3,6.0,0,1,0,0,0,6,8,11,0,1,1
1024.0,41.9,65.3,87.0,15.0,1.2,6.0,1,0,0,0,0,2,22,12,0,1,6
1016.0,39.9,86.0,88.0,17.0,2.6,3.0,0,1,0,0,0,20,9,6,0,1,3
1019.0,43.3,79.5,100.0,8.0,3.4,2.0,1,0,0,0,0,9,2,11,0,1,4
1017.0,38.6,83.3,56.0,21.0,14.2,4.0,0,1,0,1,0,14,14,11,0,0,2
1011.0,41.1,76.9,88.0,16.0,31.6,8.0,0,1,0,0,0,18,9,6,0,1,1
1014.0,35.7,77.8,82.0,13.0,0.6,3.0,1,0,0,0,0,13,22,6,0,1,3
1030.0,34.4,92.8,53.0,11.0,10.1,2.0,0,1,0,1,0,3,14,2,0,0,6
1016.0,42.6,91.4,100.0,19.0,2.1,1.0,1,0,0,0,0,6,5,8,0,1,0
1017.0,39.0,82.0,100.0,15.0,105.5,0.0,0,1,0,0,0,19,9,9,1,0,3
1018.0,43.6,90.2,72.0,19.0,21.2,6.0,0,1,0,1,0,31,19,7,0,0,1
1014.0,41.7,87.4,61.0,27.0,27.7,2.0,0,1,0,1,0,2,13,8,0,0,3
1016.0,38.3,79.3,71.0,13.0,3.3,6.0,1,0,0,1,0,16,21,5,0,0,3
1015.0,34.9,79.3,63.0,18.0,23.4,3.0,0,1,0,1,0,16,13,4,0,0,1
1017.0,38.6,86.4,83.0,24.0,69.4,3.0,0,1,0,0,1,27,16,8,0,0,1
1009.0,41.6,86.5,100.0,15.0,0.0,10.0,1,0,0,0,0,11,4,11,0,1,6
1023.0,39.7,84.8,41.0,25.0,27.4,5.0,0,0,1,1,0,12,19,9,0,0,3
1017.0,44.5,86.5,100.0,13.0,0.0,1.0,1,0,0,1,0,14,1,8,0,0,1
1020.0,32.1,81.8,63.0,15.0,28.1,3.0,0,1,0,1,0,25,15,1,0,0,4
1014.0,39.8,80.1,93.0,11.0,0.0,4.0,1,0,0,0,0,24,0,11,0,1,5
1019.0,37.9,81.4,100.0,18.0,13.8,2.0,1,0,0,0,0,30,22,8,0,1,4
1020.0,39.2,91.7,93.0,13.0,3.9,7.0,1,0,0,0,0,10,0,2,0,1,6
1017.0,37.5,84.5,93.0,17.0,5.3,2.0,1,0,0,0,0,17,23,7,0,1,2
1019.0,36.4,74.6,27.0,27.0,110.7,5.0,0,1,0,1,0,31,10,5,0,0,4
1023.0,39.4,80.7,63.0,16.0,11.3,4.0,0,1,0,0,0,11,13,12,0,1,1
1014.0,46.1,82.8,82.0,13.0,61.4,7.0,0,1,0,0,0,23,11,11,0,1,4
1012.0,40.0,87.9,66.0,13.0,0.0,2.0,1,0,0,1,0,9,2,10,0,0,1
1016.0,35.4,91.4,94.0,21.0,136.8,6.0,0,1,0,0,0,9,11,8,0,1,4
1007.0,40.7,80.9,71.0,14.0,21.3,6.0,0,1,0,0,0,5,12,11,0,1,0
1016.0,36.9,92.5,100.0,16.0,8.3,2.0,1,0,0,0,0,6,4,7,0,1,5
1018.0,39.6,88.3,88.0,20.0,41.8,3.0,0,1,0,0,0,18,15,9,0,1,1
1021.0,42.9,86.1,100.0,16.0,0.0,0.0,1,0,0,0,0,28,5,9,1,0,4
1016.0,37.7,64.6,93.0,17.0,0.0,4.0,1,0,0,0,1,29,0,6,0,0,5
1017.0,43.4,82.2,93.0,18.0,9.3,1.0,1,0,0,0,0,8,22,9,0,1,5
1028.0,34.4,94.4,71.0,13.0,41.7,3.0,0,1,0,1,0,5,17,2,0,0,1
1020.0,36.7,72.9,93.0,11.0,2.0,0.0,1,0,0,1,0,12,22,4,0,0,4
1021.0,44.6,75.8,93.0,18.0,5.9,0.0,1,0,0,0,0,20,23,9,1,0,3
1017.0,39.8,84.7,77.0,20.0,82.1,2.0,0,1,0,0,0,18,10,7,0,1,3
1016.0,40.3,67.5,82.0,14.0,4.8,4.0,1,0,0,0,0,28,2,5,0,1,1
1025.0,39.9,79.3,93.0,5.0,2.8,0.0,1,0,0,0,0,22,0,1,0,1,1
1016.0,40.4,85.9,53.0,23.0,28.8,6.0,0,1,0,1,0,2,10,9,0,0,0
1024.0,39.4,79.7,76.0,11.0,29.1,4.0,1,0,0,1,0,21,19,1,0,0,0
1021.0,38.6,71.3,100.0,14.0,3.4,1.0,1,0,0,0,0,11,0,5,0,1,5
1009.0,39.4,84.2,87.0,7.0,0.0,3.0,1,0,0,1,0,2,1,2,0,0,5
1019.0,38.5,85.6,34.0,25.0,62.1,6.0,0,1,0,1,0,3,10,9,0,0,1
1021.0,41.5,64.1,100.0,8.0,3.6,0.0,1,0,0,0,1,11,3,4,0,0,3
985.0,42.0,88.9,87.0,12.0,6.9,1.0,1,0,0,0,0,18,19,11,0,1,6
1014.0,49.7,86.4,77.0,17.0,0.0,1.0,1,0,0,1,0,1,4,9,0,0,5
1017.0,37.5,89.3,29.0,31.0,15.1,4.0,0,1,0,1,0,19,15,8,0,0,6
1024.0,34.0,85.9,87.0,15.0,16.2,7.0,0,1,0,0,0,2,13,12,0,1,6
1018.0,36.2,87.6,77.0,23.0,111.1,5.0,0,1,0,0,0,28,16,8,0,1,2
1020.0,42.4,86.1,68.0,20.0,31.3,6.0,0,1,0,1,0,28,14,9,0,0,4
1015.0,40.9,81.3,72.0,16.0,14.4,6.0,0,1,0,0,0,16,12,5,0,1,3
1011.0,44.2,73.4,93.0,11.0,25.9,5.0,0,1,0,0,0,22,14,11,0,1,3
1003.0,49.3,77.5,66.0,11.0,4.8,9.0,1,0,0,1,0,1,21,2,0,0,4
1014.0,39.8,88.3,93.0,20.0,94.9,4.0,0,1,0,0,0,4,9,7,0,1,3
1017.0,37.1,90.1,82.0,16.0,18.5,3.0,0,1,0,0,0,29,10,9,0,1,5
1017.0,40.2,85.8,100.0,17.0,7.7,3.0,1,0,0,0,0,24,0,7,0,1,2
1022.0,38.4,92.3,100.0,16.0,0.0,0.0,1,0,0,0,0,9,22,9,0,1,6
1024.0,44.5,85.4,69.0,22.0,14.4,3.0,0,1,0,1,0,23,12,9,0,0,6
1020.0,48.8,74.0,88.0,16.0,11.2,6.0,1,0,0,0,0,23,23,9,1,0,0
1008.0,39.1,91.6,88.0,17.0,7.8,7.0,1,0,0,0,0,21,5,9,0,1,5
1017.0,42.8,86.2,50.0,24.0,62.0,4.0,0,1,0,1,0,21,15,10,0,0,6
1021.0,40.9,80.4,77.0,16.0,60.5,5.0,0,1,0,0,0,23,10,9,0,1,0
1012.0,38.3,76.2,63.0,17.0,115.7,2.0,0,1,0,1,0,16,18,4,0,0,1
1006.0,43.5,80.9,93.0,12.0,45.9,5.0,1,0,0,0,0,25,17,11,0,1,6
1014.0,35.6,84.7,100.0,18.0,10.0,3.0,1,0,0,0,0,2,23,7,0,1,1
1017.0,42.4,86.1,93.0,18.0,53.3,2.0,0,1,0,0,0,28,16,8,0,1,1
1015.0,37.2,90.8,100.0,18.0,7.7,1.0,1,0,0,0,0,14,3,7,0,1,6
1019.0,33.0,78.3,72.0,16.0,18.9,3.0,0,1,0,0,0,13,12,4,0,1,5
1015.0,51.6,66.1,87.0,14.0,4.9,4.0,1,0,0,0,1,16,0,5,0,0,3
1011.0,40.4,87.4,73.0,21.0,107.9,4.0,0,1,0,0,0,13,16,10,0,1,5
1017.0,44.1,70.6,100.0,17.0,19.3,1.0,0,1,0,0,0,22,7,7,0,1,0
1007.0,38.1,79.0,67.0,15.0,11.5,0.0,1,0,0,1,0,9,20,10,0,0,1
1016.0,43.1,70.5,100.0,14.0,0.0,1.0,1,0,0,0,0,20,5,6,0,1,3
1015.0,42.5,87.4,100.0,18.0,0.0,3.0,1,0,0,0,0,22,2,8,0,1,2
1019.0,42.2,72.3,87.0,17.0,1.0,2.0,1,0,0,0,0,28,21,4,0,1,6
1016.0,45.4,81.6,93.0,17.0,21.2,2.0,1,0,0,0,0,18,19,9,0,1,2
1018.0,33.4,77.1,72.0,21.0,83.2,4.0,0,1,0,0,1,21,17,6,0,0,4
1011.0,43.5,87.4,100.0,17.0,0.0,2.0,1,0,0,0,0,3,6,9,0,1,0
1016.0,33.9,89.7,100.0,16.0,9.1,4.0,1,0,0,0,0,6,3,7,0,1,5
1019.0,41.1,73.1,77.0,17.0,30.5,6.0,0,1,0,0,0,10,18,6,0,1,0
1014.0,45.9,86.5,83.0,20.0,2.6,2.0,1,0,0,1,0,3,4,8,0,0,4
1019.0,35.2,88.5,77.0,15.0,4.0,3.0,0,1,0,0,0,1,13,11,0,1,3
1017.0,42.9,86.5,93.0,19.0,32.0,2.0,0,1,0,0,0,28,14,8,0,1,1
1020.0,41.4,88.6,71.0,11.0,0.0,2.0,1,0,0,1,0,4,6,3,0,0,0
1011.0,39.6,88.3,88.0,18.0,1.2,0.0,1,0,0,1,0,3,0,9,0,0,0
1016.0,38.4,79.6,72.0,16.0,39.8,8.0,0,1,0,1,0,2,17,4,0,0,1
1024.0,32.1,69.8,100.0,13.0,17.2,5.0,0,1,0,0,0,28,14,1,0,1,0
1017.0,44.8,86.3,25.0,32.0,10.4,5.0,0,1,0,1,0,19,13,8,0,0,6
1015.0,41.2,78.7,100.0,9.0,27.2,5.0,0,1,0,0,0,30,11,1,0,1,2
1014.0,40.6,76.2,82.0,16.0,21.7,7.0,0,1,0,0,0,16,15,5,0,1,3
1013.0,42.5,89.1,54.0,23.0,39.3,3.0,0,1,0,1,0,7,14,9,0,0,4
1013.0,41.3,86.4,62.0,14.0,3.4,1.0,1,0,0,1,0,8,22,10,0,0,0
1022.0,46.7,85.0,71.0,7.0,1.8,5.0,1,0,0,1,0,21,7,2,0,0,3
1017.0,47.4,73.9,100.0,16.0,6.9,1.0,0,1,0,0,0,24,7,8,0,1,5
1018.0,45.0,74.4,87.0,17.0,112.9,1.0,0,1,0,0,0,22,9,5,0,1,2
1020.0,36.7,61.7,72.0,16.0,3.8,4.0,1,0,0,1,0,26,3,5,0,0,6
1021.0,37.5,79.3,71.0,13.0,10.5,5.0,0,1,0,0,0,20,14,1,0,1,6
1019.0,42.5,82.4,88.0,19.0,25.9,3.0,0,1,0,0,0,31,9,7,0,1,1
1007.0,43.8,80.6,82.0,15.0,70.8,12.0,1,0,0,0,0,6,19,11,0,1,1
1023.0,39.0,87.5,64.0,21.0,92.5,3.0,0,1,0,1,0,12,11,8,0,0,0
1016.0,39.8,90.0,77.0,21.0,16.6,4.0,0,1,0,1,0,26,19,7,0,0,3
1017.0,36.3,97.3,82.0,14.0,35.4,2.0,0,0,1,0,0,17,18,2,0,1,6
1030.0,37.5,75.9,100.0,10.0,3.5,1.0,1,0,0,0,0,9,23,12,0,1,6
1019.0,46.8,70.8,93.0,12.0,111.2,4.0,0,0,1,0,1,23,7,9,0,0,0
1018.0,36.2,83.8,93.0,19.0,44.3,1.0,0,1,0,0,0,27,10,8,1,0,1
1001.0,41.4,75.1,76.0,9.0,9.7,4.0,1,0,0,0,0,23,23,4,0,1,1
1027.0,32.2,96.3,100.0,12.0,24.1,3.0,0,1,0,0,0,1,11,3,0,1,4
1014.0,37.4,81.0,50.0,22.0,30.4,4.0,0,1,0,1,0,7,11,9,0,0,4
1017.0,47.8,89.5,100.0,12.0,0.0,1.0,1,0,0,1,0,25,5,8,0,0,5
1020.0,35.7,61.5,93.0,12.0,3.5,1.0,1,0,0,0,0,15,2,6,0,1,5
1012.0,40.4,83.8,62.0,13.0,99.6,7.0,0,1,0,0,0,27,16,10,0,1,5
1027.0,39.0,91.2,82.0,11.0,2.9,3.0,1,0,0,1,0,21,22,2,0,0,3
1011.0,44.1,75.4,81.0,12.0,38.5,6.0,1,0,0,0,0,22,17,11,0,1,3
1024.0,42.0,74.7,93.0,5.0,0.0,1.0,1,0,0,0,0,22,4,1,0,1,1
1014.0,44.2,69.9,100.0,17.0,34.0,0.0,0,1,0,0,0,16,8,7,0,1,1
1015.0,40.0,88.3,87.0,16.0,14.5,2.0,1,0,0,1,0,5,19,10,0,0,4
1016.0,43.6,82.7,93.0,13.0,2.4,0.0,1,0,0,0,0,4,3,11,0,1,6
1015.0,38.0,65.3,93.0,11.0,17.0,2.0,1,0,0,0,0,9,2,5,0,1,3
1021.0,35.5,93.8,81.0,11.0,8.2,1.0,0,1,0,0,0,4,9,3,0,1,0
1010.0,36.0,87.4,68.0,17.0,9.9,4.0,1,0,0,1,0,3,20,5,0,0,4
1018.0,47.3,76.0,100.0,17.0,5.9,2.0,1,0,0,0,0,17,1,8,0,1,5
1015.0,40.9,82.3,100.0,18.0,44.3,10.0,0,1,0,0,0,17,8,7,0,1,2
1022.0,40.4,67.3,100.0,11.0,0.0,2.0,0,1,0,0,0,11,7,5,0,1,5
1017.0,45.5,84.0,100.0,12.0,3.3,0.0,1,0,0,1,0,25,4,8,0,0,5
1020.0,41.2,69.5,93.0,10.0,28.9,0.0,1,0,0,1,0,25,20,1,0,0,4
1029.0,31.0,102.1,58.0,11.0,28.4,5.0,0,1,0,1,0,13,11,2,0,0,2
1016.0,35.1,87.2,93.0,18.0,3.4,1.0,1,0,0,0,0,14,2,7,0,1,6
1023.0,41.5,75.9,87.0,10.0,0.0,3.0,1,0,0,0,0,26,4,4,0,1,4
1014.0,45.0,80.6,100.0,16.0,2.0,0.0,1,0,0,0,0,16,6,10,0,1,1
1022.0,41.8,81.1,93.0,18.0,3.5,4.0,1,0,0,0,0,19,23,9,0,1,2
1022.0,47.8,72.1,100.0,13.0,0.0,0.0,1,0,0,0,0,4,4,12,0,1,1
1019.0,52.1,69.4,93.0,8.0,0.0,3.0,1,0,0,1,0,25,5,1,0,0,4
1014.0,35.6,89.8,69.0,28.0,56.7,2.0,0,1,0,1,0,11,11,7,0,0,3
1019.0,36.1,83.8,87.0,13.0,8.6,3.0,0,1,0,0,0,1,11,11,0,1,3
1021.0,45.0,76.2,100.0,10.0,7.7,3.0,1,0,0,0,0,30,6,11,0,1,4
1018.0,43.8,80.9,100.0,13.0,0.0,0.0,1,0,0,1,0,25,3,8,0,0,5
1020.0,44.7,63.9,100.0,16.0,66.9,0.0,0,1,0,0,0,1,7,7,0,1,0
1015.0,37.3,90.3,56.0,21.0,40.6,3.0,0,1,0,1,0,25,17,8,0,0,5
1021.0,45.0,73.0,100.0,13.0,104.7,2.0,0,0,1,0,0,25,7,9,0,1,2
1023.0,39.3,88.3,100.0,11.0,0.0,4.0,1,0,0,0,0,9,2,2,0,1,5
1011.0,44.7,87.9,46.0,12.0,179.0,6.0,0,0,1,0,0,28,17,10,0,1,6
1019.0,38.2,82.3,100.0,7.0,2.5,0.0,1,0,0,0,0,19,0,1,0,1,5
1018.0,46.4,89.8,100.0,16.0,4.6,1.0,1,0,0,0,0,15,1,9,0,1,5
986.0,42.0,75.3,86.0,14.0,15.4,1.0,0,1,0,0,0,19,12,11,0,1,0
1018.0,43.5,86.5,82.0,18.0,34.2,3.0,0,1,0,0,0,30,14,9,0,1,6
1018.0,45.6,82.1,100.0,15.0,8.8,10.0,1,0,0,0,0,19,2,8,0,1,0
1018.0,39.3,80.4,72.0,15.0,0.0,1.0,1,0,0,1,0,20,4,4,0,0,5
1020.0,47.7,83.3,100.0,12.0,0.0,0.0,0,1,0,1,0,11,6,8,0,0,5
1032.0,40.5,79.7,100.0,8.0,72.7,1.0,1,0,0,1,0,8,23,12,0,0,5
1009.0,40.1,82.7,100.0,11.0,0.0,1.0,1,0,0,0,0,11,20,11,0,1,6
1021.0,41.9,73.5,82.0,13.0,136.8,5.0,0,1,0,0,1,11,18,4,0,0,3
1023.0,35.3,72.7,87.0,15.0,10.9,6.0,1,0,0,0,0,2,20,12,0,1,6
1020.0,37.0,90.6,77.0,20.0,42.7,7.0,0,1,0,1,0,29,16,8,0,0,2
1020.0,44.5,87.7,69.0,21.0,12.8,2.0,0,1,0,1,0,11,11,8,0,0,5
1014.0,44.0,85.5,47.0,25.0,17.0,1.0,0,1,0,1,0,21,9,8,0,0,1
1017.0,37.5,85.7,72.0,19.0,13.0,2.0,0,0,1,1,0,30,19,8,0,0,3
1027.0,39.2,93.2,100.0,8.0,62.0,2.0,0,1,0,1,0,7,10,2,0,0,3
1014.0,42.5,77.7,62.0,14.0,4.1,6.0,1,0,0,0,0,26,0,11,0,1,0
1014.0,37.9,89.3,69.0,23.0,23.5,2.0,0,1,0,1,0,27,11,8,0,0,0
1019.0,44.8,68.2,100.0,11.0,0.0,6.0,1,0,0,0,0,23,2,1,1,0,2
1016.0,43.6,73.3,100.0,16.0,46.8,1.0,0,1,0,0,0,5,7,7,0,1,4
1021.0,36.5,69.2,71.0,15.0,112.6,5.0,0,1,0,0,1,11,15,4,0,0,3
1020.0,40.3,67.1,100.0,14.0,0.0,1.0,1,0,0,0,0,23,0,5,0,1,3
1023.0,37.8,82.8,71.0,14.0,25.7,5.0,0,1,0,0,0,27,14,11,0,1,1
1013.0,43.3,70.1,72.0,16.0,59.9,6.0,0,1,0,0,1,13,18,6,0,0,3
1013.0,35.8,71.1,72.0,16.0,1.7,2.0,1,0,0,1,0,21,1,4,0,0,6
1020.0,45.3,81.6,81.0,9.0,1.4,5.0,1,0,0,1,0,14,4,11,0,0,2
1017.0,40.9,87.0,100.0,14.0,1.9,0.0,1,0,0,1,0,30,2,9,0,0,6
1030.0,37.8,78.3,93.0,13.0,112.6,1.0,1,0,0,1,0,9,18,12,0,0,6
1021.0,46.8,72.3,87.0,11.0,0.0,4.0,1,0,0,0,0,26,0,4,0,1,4
1015.0,41.9,66.0,82.0,11.0,157.6,2.0,0,1,0,0,1,20,8,5,0,0,0
1009.0,41.1,80.0,93.0,14.0,27.7,10.0,0,1,0,0,0,6,14,11,0,1,1
1017.0,41.2,88.0,100.0,18.0,0.0,1.0,1,0,0,0,0,12,21,8,0,1,6
1013.0,47.7,72.6,93.0,11.0,1.3,4.0,1,0,0,0,0,24,4,11,0,1,5
1012.0,43.0,70.9,100.0,16.0,58.7,7.0,0,1,0,0,0,9,17,5,0,1,3
1014.0,45.5,74.1,100.0,16.0,5.3,7.0,0,1,0,0,0,19,6,7,0,1,4
1012.0,41.4,67.2,93.0,17.0,79.5,10.0,0,1,0,0,0,18,15,6,0,1,1
1020.0,43.0,82.2,82.0,19.0,0.0,1.0,1,0,0,0,0,29,21,7,0,1,6
1013.0,37.3,90.3,64.0,22.0,44.3,3.0,0,1,0,0,0,27,15,8,0,1,0
1014.0,33.6,93.6,83.0,23.0,19.9,2.0,0,1,0,0,0,16,13,7,0,1,1
1023.0,40.4,92.7,42.0,19.0,9.4,4.0,0,1,0,1,0,14,14,2,0,0,3
1017.0,39.2,70.7,76.0,12.0,2.8,8.0,1,0,0,0,0,29,2,11,0,1,3
1015.0,39.3,88.8,88.0,19.0,0.0,3.0,0,1,0,0,1,6,8,7,0,0,5
1022.0,44.0,83.7,100.0,15.0,3.5,3.0,1,0,0,0,1,24,23,9,0,0,1
1015.0,47.2,84.8,93.0,18.0,2.3,2.0,1,0,0,0,0,25,3,7,0,1,2
1021.0,43.5,71.5,100.0,15.0,2.7,2.0,1,0,0,0,0,25,23,9,0,1,2
1019.0,39.4,82.8,53.0,24.0,16.2,3.0,0,1,0,1,0,15,10,9,0,0,6
1008.0,36.2,85.9,81.0,13.0,13.5,2.0,0,1,0,0,0,21,13,11,0,1,2
1017.0,41.3,76.4,68.0,24.0,26.7,6.0,0,1,0,0,1,28,14,6,0,0,4
1012.0,44.1,78.7,82.0,18.0,7.0,3.0,1,0,0,0,0,20,21,9,0,1,4
1016.0,43.3,62.4,77.0,15.0,3.3,1.0,1,0,0,0,0,20,21,5,0,1,0
1023.0,45.1,86.6,66.0,7.0,120.7,6.0,0,1,0,1,0,21,9,2,0,0,3
1013.0,45.2,72.8,73.0,20.0,131.4,3.0,1,0,0,1,0,11,21,7,0,0,3
1015.0,47.4,72.2,87.0,8.0,0.0,3.0,1,0,0,1,0,3,4,4,0,0,2
1008.0,40.1,72.3,93.0,14.0,7.3,8.0,1,0,0,0,0,24,20,11,0,1,5
1012.0,44.0,87.0,100.0,17.0,46.0,3.0,0,1,0,0,0,3,8,9,0,1,0
1018.0,42.9,78.9,77.0,24.0,37.4,6.0,0,1,0,0,0,24,17,8,0,1,5
1011.0,40.1,81.9,100.0,15.0,7.8,7.0,1,0,0,0,0,11,0,11,1,0,6
1017.0,48.1,77.7,88.0,19.0,5.9,3.0,1,0,0,0,0,21,1,8,0,1,2
1023.0,39.8,79.3,93.0,9.0,0.0,2.0,1,0,0,1,0,5,0,12,0,0,2
1019.0,40.4,92.1,45.0,26.0,45.8,5.0,0,1,0,1,0,24,17,9,0,0,0
1018.0,34.5,79.2,64.0,24.0,16.6,2.0,0,1,0,0,1,2,14,6,0,0,6
1023.0,47.0,84.2,58.0,7.0,1.2,3.0,1,0,0,1,0,15,7,2,0,0,4
1033.0,39.6,74.4,93.0,11.0,136.4,1.0,1,0,0,1,0,8,20,12,0,0,5
1022.0,49.1,74.3,100.0,12.0,83.7,1.0,0,1,0,0,0,4,8,12,0,1,1
1002.0,39.4,69.9,59.0,18.0,0.0,3.0,1,0,0,1,0,18,3,11,0,0,6
1022.0,45.5,82.1,81.0,9.0,0.0,3.0,1,0,0,1,0,14,1,11,0,0,2
1013.0,37.5,87.8,64.0,22.0,32.9,2.0,0,0,1,0,0,6,19,9,0,1,3
1020.0,43.0,77.6,81.0,11.0,2.1,4.0,1,0,0,0,0,22,21,1,0,1,1
1024.0,49.3,67.7,87.0,10.0,71.2,1.0,1,0,0,1,0,26,19,11,0,0,0
1022.0,33.8,93.6,64.0,21.0,48.8,2.0,0,1,0,1,0,10,10,8,0,0,4
1013.0,39.8,84.3,100.0,17.0,2.3,2.0,1,0,0,0,0,8,3,7,0,1,0
1000.0,41.7,84.8,71.0,11.0,54.5,8.0,1,0,0,0,0,1,18,2,0,1,4
1023.0,39.1,92.9,87.0,11.0,0.0,5.0,0,1,0,0,0,3,8,3,0,1,6
1006.0,44.9,84.6,100.0,13.0,0.8,10.0,1,0,0,0,0,15,4,10,0,1,0
1022.0,43.1,70.7,82.0,12.0,0.0,1.0,1,0,0,0,0,10,0,6,0,1,0
1011.0,43.4,89.8,100.0,13.0,0.8,2.0,1,0,0,0,0,18,4,10,0,1,3
1012.0,33.9,93.8,53.0,10.0,20.0,7.0,1,0,0,0,0,28,19,10,0,1,6
1021.0,36.0,61.4,100.0,11.0,2.5,0.0,0,1,0,0,0,10,7,6,0,1,0
1017.0,51.7,78.0,93.0,9.0,3.3,3.0,1,0,0,1,0,18,3,2,0,0,0
996.0,41.5,86.4,76.0,9.0,37.7,7.0,0,1,0,0,0,1,16,2,0,1,4
1006.0,41.3,67.9,71.0,13.0,21.1,5.0,0,1,0,0,0,17,7,4,0,1,2
1019.0,42.5,79.8,100.0,17.0,23.4,1.0,0,1,0,0,0,30,9,8,0,1,4
1021.0,40.4,87.4,64.0,22.0,50.2,6.0,0,1,0,1,0,19,16,9,0,0,2
1017.0,38.8,77.5,100.0,15.0,6.9,11.0,1,0,0,0,0,18,4,7,0,1,3
1017.0,37.0,91.1,57.0,24.0,19.4,4.0,0,1,0,1,0,17,13,8,0,0,4
1020.0,44.9,72.1,93.0,18.0,2.9,2.0,1,0,0,0,0,29,21,8,0,1,3
1015.0,41.5,67.2,55.0,19.0,63.9,7.0,0,1,0,0,1,12,14,6,0,0,2
1015.0,36.1,82.3,93.0,17.0,53.2,5.0,0,1,0,0,0,7,14,5,0,1,1
1019.0,40.9,84.1,100.0,15.0,0.0,0.0,1,0,0,0,0,30,21,9,0,1,6
1024.0,34.9,96.5,48.0,17.0,31.1,1.0,0,1,0,1,0,15,15,2,0,0,4
1022.0,39.4,70.2,100.0,14.0,1.3,6.0,1,0,0,0,0,3,5,12,0,1,0
1020.0,42.9,87.9,100.0,16.0,0.0,0.0,1,0,0,0,0,21,4,9,1,0,4
1012.0,38.1,83.9,88.0,19.0,25.3,3.0,0,1,0,0,0,3,10,9,0,1,0
1016.0,40.9,88.6,93.0,18.0,0.0,1.0,1,0,0,0,0,26,2,7,0,1,3
1008.0,43.7,76.1,82.0,17.0,3.6,6.0,1,0,0,0,0,21,4,9,0,1,5
1020.0,42.8,81.6,100.0,12.0,129.4,1.0,0,1,0,0,0,1,8,10,0,1,0
1015.0,45.1,77.5,93.0,13.0,95.6,8.0,0,1,0,0,0,29,9,11,0,1,3
1025.0,39.2,81.6,72.0,17.0,74.8,1.0,0,1,0,1,0,11,9,9,0,0,2
1019.0,46.5,64.2,76.0,14.0,163.7,2.0,0,1,0,0,0,6,8,5,1,0,0
1016.0,45.9,79.0,100.0,14.0,95.6,0.0,0,0,1,0,0,19,7,9,1,0,3
1014.0,45.4,86.1,87.0,13.0,9.6,0.0,1,0,0,1,0,26,4,8,0,0,6
1021.0,40.0,90.1,68.0,20.0,47.0,2.0,0,1,0,1,0,12,16,9,0,0,2
1015.0,41.5,71.4,23.0,22.0,138.9,5.0,0,1,0,1,0,14,9,5,0,0,1
1019.0,43.9,89.1,64.0,28.0,20.5,3.0,0,1,0,1,0,4,13,9,0,0,2
1018.0,34.2,92.5,77.0,19.0,120.6,2.0,0,1,0,1,0,16,17,9,0,0,6
1018.0,41.1,80.6,48.0,17.0,6.3,4.0,1,0,0,1,0,7,5,9,0,0,5
1016.0,37.8,64.9,76.0,11.0,2.8,6.0,1,0,0,0,0,17,2,5,0,1,4
1015.0,34.7,93.5,82.0,21.0,41.3,3.0,0,1,0,0,1,7,17,7,0,0,6
1018.0,44.4,85.8,69.0,24.0,28.5,5.0,0,1,0,1,0,21,18,7,0,0,6
1015.0,45.8,81.1,54.0,27.0,5.1,4.0,1,0,0,1,0,2,20,9,0,0,0
1028.0,35.5,93.1,72.0,15.0,14.8,4.0,0,1,0,0,0,27,14,2,0,1,2
1014.0,42.6,83.0,54.0,30.0,41.7,6.0,0,1,0,1,0,10,16,7,0,0,2
1025.0,45.0,76.7,88.0,17.0,123.3,1.0,0,1,0,1,0,27,8,9,0,0,3
1015.0,38.3,64.5,93.0,9.0,8.4,3.0,1,0,0,0,0,19,3,5,0,1,6
1014.0,41.6,66.0,87.0,8.0,5.4,2.0,0,1,0,0,1,20,6,5,0,0,0
1020.0,42.9,85.6,54.0,13.0,2.9,0.0,1,0,0,1,0,4,1,10,0,0,3
1018.0,47.4,73.2,93.0,13.0,0.0,5.0,1,0,0,0,0,24,4,1,1,0,3
1021.0,49.1,75.7,87.0,4.0,71.1,5.0,0,1,0,1,0,20,8,2,0,0,2
1018.0,48.4,71.1,93.0,16.0,0.0,2.0,1,0,0,0,0,4,3,9,1,0,2
1011.0,43.0,74.0,93.0,15.0,3.6,5.0,1,0,0,0,0,22,1,9,0,1,6
1005.0,45.8,84.7,72.0,18.0,0.0,7.0,1,0,0,0,0,10,23,10,0,1,2
1018.0,37.6,87.6,54.0,27.0,27.3,3.0,0,1,0,1,0,15,14,9,0,0,6
1018.0,37.4,76.3,60.0,21.0,37.3,8.0,0,1,0,0,1,24,14,5,0,0,4
1024.0,36.9,87.9,93.0,15.0,21.4,6.0,0,1,0,0,0,3,13,12,0,1,0
1018.0,33.8,75.7,82.0,17.0,72.2,5.0,0,1,0,0,0,10,16,5,0,1,4
1016.0,37.9,64.8,81.0,11.0,1.7,5.0,1,0,0,0,1,17,5,5,0,0,4
1018.0,43.6,82.7,93.0,16.0,3.4,7.0,1,0,0,0,0,24,3,9,1,0,1
1024.0,32.3,94.2,72.0,17.0,51.7,3.0,0,1,0,1,0,21,17,2,0,0,3
1016.0,38.6,84.1,28.0,26.0,27.5,3.0,0,0,1,1,0,5,19,9,0,0,3
1020.0,35.5,100.0,93.0,14.0,52.8,9.0,1,0,0,0,0,3,19,3,0,1,6
1021.0,43.9,80.5,87.0,12.0,55.7,1.0,0,1,0,1,0,10,7,9,0,0,1
1018.0,37.4,89.8,100.0,17.0,14.7,3.0,0,0,1,0,0,28,19,8,0,1,1
1020.0,36.2,85.1,77.0,19.0,70.9,6.0,0,1,0,0,1,23,18,9,0,0,0
1021.0,36.9,91.0,93.0,11.0,0.0,1.0,0,1,0,1,0,10,6,8,0,0,4
1019.0,37.8,87.2,64.0,21.0,4.4,2.0,1,0,0,1,0,11,20,9,0,0,1
1005.0,45.1,85.3,93.0,10.0,0.6,1.0,1,0,0,0,0,31,2,10,0,1,2
1019.0,41.1,87.4,73.0,19.0,24.4,4.0,0,1,0,1,0,11,18,8,0,0,5
1018.0,36.6,92.5,82.0,20.0,129.7,4.0,0,1,0,0,0,13,14,8,0,1,0
1010.0,51.9,82.6,93.0,16.0,0.6,8.0,1,0,0,0,0,11,3,11,0,1,6
1020.0,42.0,74.0,93.0,7.0,0.0,3.0,1,0,0,1,0,12,5,4,0,0,4
1018.0,40.1,85.3,93.0,16.0,2.7,1.0,1,0,0,1,0,12,1,8,0,0,6
1028.0,51.5,80.1,70.0,5.0,3.7,5.0,1,0,0,1,0,13,7,2,0,0,2
1015.0,44.4,82.6,93.0,15.0,49.5,10.0,1,0,0,0,0,9,18,11,0,1,4
1023.0,44.0,82.9,36.0,26.0,36.4,3.0,0,1,0,1,0,23,16,10,0,0,1
1015.0,35.3,73.2,56.0,19.0,10.1,3.0,0,1,0,1,0,16,13,11,0,0,4
1016.0,42.0,78.0,53.0,21.0,78.4,6.0,0,1,0,1,0,2,9,9,0,0,0
1015.0,35.9,69.8,93.0,14.0,11.6,1.0,1,0,0,0,1,30,23,4,0,0,1
1019.0,37.4,92.3,82.0,20.0,63.9,3.0,0,1,0,0,0,13,11,8,0,1,0
1018.0,40.2,67.9,93.0,16.0,0.0,1.0,1,0,0,0,0,3,5,6,0,1,0
1020.0,44.9,84.6,93.0,17.0,3.2,0.0,1,0,0,1,0,12,1,9,0,0,2
1001.0,37.1,66.3,93.0,13.0,0.7,1.0,1,0,0,0,0,20,2,11,0,1,1
1022.0,39.3,87.4,77.0,22.0,23.9,3.0,0,1,0,0,1,10,12,8,0,0,5
1014.0,37.1,89.6,54.0,28.0,49.7,2.0,0,1,0,1,0,21,15,8,0,0,1
1019.0,47.4,87.1,93.0,17.0,5.9,2.0,1,0,0,1,0,4,2,9,0,0,2
1016.0,34.2,92.3,83.0,22.0,12.6,0.0,1,0,0,1,0,4,20,8,0,0,5
1027.0,46.0,71.7,48.0,11.0,89.7,4.0,0,1,0,1,0,10,10,12,0,0,0
1011.0,47.7,80.2,100.0,15.0,7.6,8.0,1,0,0,0,0,11,1,11,0,1,6
1010.0,40.0,89.3,64.0,23.0,55.0,4.0,0,1,0,0,0,13,15,10,0,1,5
1019.0,45.7,78.3,100.0,14.0,0.0,3.0,1,0,0,0,1,29,5,8,0,0,3
1014.0,45.5,84.3,87.0,14.0,0.0,1.0,1,0,0,0,0,14,20,10,0,1,6
1014.0,39.6,88.3,82.0,20.0,29.8,2.0,0,1,0,0,0,5,17,9,0,1,2
995.0,47.3,67.2,93.0,12.0,70.2,5.0,0,1,0,0,0,24,7,4,0,1,2
1018.0,37.6,90.9,69.0,26.0,51.4,4.0,0,1,0,0,0,21,16,7,0,1,6
1019.0,43.2,88.7,73.0,21.0,25.6,4.0,0,1,0,0,0,30,10,7,0,1,0
1017.0,38.1,79.4,78.0,20.0,13.3,3.0,0,1,0,0,1,20,10,7,0,0,5
1020.0,46.5,72.4,100.0,17.0,5.6,1.0,1,0,0,0,0,29,23,8,0,1,3
1013.0,34.5,82.7,73.0,23.0,17.5,5.0,0,1,0,0,1,3,12,7,0,0,2
1017.0,42.9,85.6,55.0,20.0,33.6,1.0,1,0,0,1,0,4,19,10,0,0,3
1017.0,40.0,88.8,73.0,20.0,20.2,2.0,0,1,0,1,0,24,19,8,0,0,4
1017.0,43.0,71.3,100.0,19.0,6.3,2.0,1,0,0,0,0,16,20,9,0,1,0
1017.0,42.8,90.1,100.0,14.0,5.7,0.0,1,0,0,1,0,14,3,8,0,0,1
1000.0,39.3,83.9,87.0,15.0,134.8,0.0,0,1,0,0,0,18,16,11,0,1,6
1012.0,31.5,93.2,64.0,10.0,28.9,1.0,0,1,0,0,0,4,16,2,0,1,0
1019.0,40.0,67.1,93.0,13.0,0.0,1.0,1,0,0,0,0,17,1,6,0,1,0
1017.0,43.3,76.8,93.0,21.0,59.6,2.0,0,1,0,0,0,19,14,9,0,1,3
1018.0,42.7,78.5,100.0,17.0,128.4,3.0,0,1,0,0,0,24,9,9,0,1,1
1013.0,35.4,81.2,55.0,18.0,30.7,5.0,1,0,0,0,0,22,22,6,0,1,5
1017.0,44.3,76.9,93.0,16.0,86.0,1.0,0,0,1,0,0,30,7,9,0,1,0
1016.0,43.2,72.7,93.0,17.0,15.2,1.0,0,1,0,0,0,23,7,8,0,1,4
1017.0,43.3,87.4,100.0,16.0,0.0,0.0,1,0,0,1,0,23,5,8,0,0,3
1018.0,40.5,88.0,73.0,18.0,34.2,2.0,0,1,0,1,0,14,10,8,0,0,1
1018.0,41.8,76.2,93.0,15.0,19.2,4.0,0,1,0,0,0,17,9,10,0,1,2
1023.0,44.6,68.6,93.0,7.0,0.7,0.0,1,0,0,0,0,29,0,1,0,1,1
1014.0,48.1,85.2,77.0,17.0,1.0,2.0,1,0,0,1,0,21,6,8,0,0,1
1013.0,39.6,81.7,93.0,19.0,8.9,1.0,1,0,0,0,0,12,2,7,0,1,4
1018.0,41.6,76.1,82.0,13.0,0.0,2.0,1,0,0,0,0,6,4,5,1,0,0
1014.0,38.8,88.1,54.0,31.0,65.3,5.0,0,1,0,1,0,10,15,7,0,0,2
1021.0,40.0,87.9,28.0,15.0,1.6,5.0,1,0,0,1,0,3,6,10,0,0,2
1023.0,42.3,89.9,81.0,12.0,9.9,2.0,1,0,0,1,0,11,3,9,0,0,2
1012.0,39.5,73.7,100.0,16.0,5.8,5.0,0,1,0,0,0,3,6,7,0,1,2
1009.0,46.6,82.4,93.0,15.0,2.2,9.0,1,0,0,0,0,11,5,11,0,1,6
1020.0,47.9,76.0,93.0,14.0,5.7,1.0,1,0,0,0,0,28,22,9,0,1,5
1019.0,45.3,82.9,100.0,15.0,4.5,0.0,1,0,0,0,0,28,23,9,0,1,4
1020.0,36.3,85.6,93.0,18.0,49.7,3.0,1,0,0,0,0,24,19,9,0,1,1
1021.0,39.0,87.9,100.0,17.0,21.8,1.0,0,1,0,0,0,9,10,9,0,1,6
1014.0,38.7,77.5,93.0,18.0,51.8,3.0,0,1,0,0,0,8,9,7,0,1,0
1018.0,41.9,87.0,88.0,17.0,80.5,4.0,0,1,0,0,0,30,15,9,0,1,6
1016.0,47.1,76.8,72.0,16.0,40.9,4.0,1,0,0,1,0,14,18,11,0,0,2
1022.0,40.5,77.0,25.0,29.0,32.1,2.0,0,1,0,1,0,30,13,5,0,0,3
1022.0,45.5,65.5,100.0,14.0,6.3,6.0,1,0,0,0,0,28,1,9,0,1,5
1011.0,33.7,79.8,71.0,14.0,4.2,0.0,1,0,0,1,0,16,20,4,0,0,1
1021.0,33.1,87.2,72.0,15.0,19.1,6.0,0,1,0,0,0,28,14,11,0,1,2
1021.0,45.7,70.2,87.0,11.0,0.0,5.0,1,0,0,0,0,25,23,4,0,1,3
1017.0,36.2,68.8,82.0,15.0,1.0,2.0,1,0,0,0,0,21,22,5,0,1,1
1025.0,42.6,70.7,93.0,8.0,54.9,4.0,0,1,0,0,0,5,8,12,0,1,2
1025.0,36.2,79.5,82.0,18.0,31.7,7.0,0,1,0,0,1,27,19,4,0,0,5
1017.0,43.4,83.3,88.0,17.0,48.7,5.0,1,0,0,0,0,29,23,6,0,1,5
1023.0,43.9,71.3,76.0,12.0,3.6,4.0,1,0,0,0,0,28,1,11,0,1,2
1017.0,41.5,67.4,63.0,19.0,24.8,8.0,0,1,0,0,1,11,18,6,0,0,1
997.0,38.7,74.9,87.0,13.0,9.4,8.0,0,0,1,0,0,22,19,4,0,1,0
1021.0,36.4,84.1,82.0,18.0,9.9,3.0,1,0,0,0,1,10,21,8,0,0,5
1017.0,48.4,78.2,100.0,19.0,13.0,4.0,1,0,0,0,0,27,20,8,0,1,1
1019.0,40.8,83.7,88.0,25.0,54.9,2.0,0,1,0,0,0,30,15,8,0,1,4
1013.0,33.8,85.0,83.0,23.0,19.2,3.0,0,1,0,0,0,16,19,7,0,1,1
1015.0,42.2,88.2,82.0,20.0,142.0,4.0,0,1,0,0,0,8,18,8,0,1,2
1019.0,33.4,82.9,93.0,16.0,42.6,2.0,0,1,0,0,0,30,11,4,0,1,1
1013.0,43.5,87.9,60.0,23.0,41.3,5.0,0,1,0,1,0,19,14,10,0,0,4
1020.0,40.9,87.8,100.0,15.0,6.8,0.0,1,0,0,0,0,16,1,9,0,1,6
1026.0,37.5,88.7,93.0,13.0,23.2,2.0,1,0,0,0,0,2,20,11,0,1,4
1014.0,41.7,82.3,88.0,24.0,24.4,2.0,0,1,0,0,0,26,18,8,0,1,0
1014.0,51.5,62.1,87.0,14.0,2.3,5.0,1,0,0,0,0,16,3,5,0,1,3
1019.0,46.2,87.9,100.0,11.0,0.0,0.0,1,0,0,1,0,30,6,8,0,0,3
1015.0,40.8,84.8,88.0,20.0,77.2,3.0,0,1,0,0,0,25,16,7,0,1,2
1018.0,41.3,83.9,81.0,9.0,4.4,1.0,1,0,0,0,0,29,22,1,0,1,1
1021.0,39.8,88.5,100.0,13.0,12.9,5.0,1,0,0,0,0,14,5,8,0,1,2
1012.0,40.8,87.2,42.0,27.0,15.7,2.0,0,1,0,1,0,2,16,9,0,0,6
1014.0,46.6,70.4,100.0,12.0,6.0,2.0,1,0,0,0,0,1,4,5,0,1,2
1014.0,50.0,62.3,93.0,14.0,106.5,1.0,0,1,0,0,0,15,7,5,0,1,2
1012.0,41.9,94.8,88.0,24.0,202.7,9.0,0,1,0,0,0,8,16,8,0,1,3
1019.0,33.9,79.0,23.0,24.0,13.9,5.0,0,1,0,1,0,13,11,5,0,0,0
1005.0,39.2,70.5,100.0,11.0,0.0,3.0,1,0,0,1,0,22,4,4,0,0,0
1028.0,36.2,90.1,67.0,14.0,32.5,4.0,0,1,0,0,1,26,19,4,0,0,4
1029.0,46.5,83.5,61.0,5.0,53.9,4.0,0,1,0,1,0,12,8,2,0,0,1
1028.0,34.9,91.8,45.0,17.0,11.7,3.0,0,1,0,1,0,13,13,2,0,0,2
1015.0,35.1,85.5,68.0,20.0,7.3,4.0,0,1,0,0,1,6,10,7,0,0,5
1021.0,39.6,82.5,26.0,26.0,12.9,8.0,0,1,0,1,0,12,13,5,0,0,6
1019.0,41.6,74.9,81.0,11.0,0.9,1.0,1,0,0,1,0,30,0,3,0,0,5
1015.0,39.1,86.7,81.0,6.0,0.0,4.0,1,0,0,1,0,2,7,2,0,0,5
1010.0,44.3,84.8,93.0,15.0,0.0,5.0,0,1,0,0,0,10,8,11,0,1,5
1014.0,38.1,102.4,82.0,13.0,0.0,7.0,0,1,0,0,1,5,10,3,0,0,1
1025.0,47.3,82.0,66.0,11.0,0.0,6.0,1,0,0,1,0,14,6,2,0,0,3
1019.0,37.7,91.9,78.0,24.0,135.3,6.0,0,1,0,0,0,16,16,8,0,1,4
1016.0,37.5,85.2,36.0,25.0,5.7,4.0,0,1,0,1,0,20,7,8,0,0,0
1020.0,38.9,81.7,93.0,16.0,5.1,6.0,1,0,0,0,0,24,2,9,1,0,1
1017.0,37.4,91.0,82.0,21.0,51.8,3.0,0,1,0,0,0,27,18,8,0,1,1
1018.0,41.6,76.1,82.0,13.0,0.0,2.0,1,0,0,0,0,6,3,5,1,0,0
1012.0,46.5,86.5,93.0,17.0,10.2,0.0,1,0,0,0,0,4,0,9,0,1,1
1019.0,37.7,88.8,93.0,17.0,15.3,2.0,0,1,0,0,0,30,11,9,0,1,6
1015.0,35.1,85.4,88.0,19.0,22.4,4.0,1,0,0,0,1,13,21,7,0,0,5
1019.0,45.6,82.2,100.0,17.0,12.2,2.0,1,0,0,0,0,17,0,8,0,1,5
1029.0,35.2,94.1,62.0,13.0,54.6,4.0,0,1,0,1,0,11,16,2,0,0,0
1022.0,35.8,85.1,77.0,21.0,56.1,2.0,0,1,0,0,0,27,14,9,0,1,4
1018.0,42.2,84.7,76.0,12.0,0.0,1.0,1,0,0,1,0,7,22,10,0,0,6
1019.0,35.9,74.3,72.0,19.0,18.6,3.0,0,1,0,0,1,16,11,6,0,0,6
1016.0,44.1,72.0,82.0,19.0,8.5,4.0,1,0,0,0,0,31,20,8,0,1,5
1018.0,42.9,79.1,42.0,19.0,1.8,2.0,1,0,0,1,0,7,2,9,0,0,5
1021.0,39.6,88.3,61.0,24.0,27.3,1.0,0,1,0,1,0,11,11,9,0,0,1
1021.0,33.6,78.1,54.0,13.0,82.8,5.0,0,1,0,0,0,17,15,1,0,1,3
1017.0,37.4,92.8,68.0,20.0,36.6,2.0,0,1,0,1,0,14,13,8,0,0,1
1022.0,36.5,64.5,93.0,13.0,1.4,1.0,0,1,0,0,1,28,8,4,0,0,6
1010.0,44.4,82.6,100.0,15.0,5.8,8.0,1,0,0,0,0,11,2,11,0,1,6
1011.0,42.3,84.3,93.0,12.0,52.6,7.0,0,1,0,0,0,6,10,11,0,1,1
1015.0,40.1,75.3,100.0,17.0,16.3,4.0,0,1,0,0,0,23,7,7,0,1,1
1021.0,36.3,84.1,93.0,14.0,48.1,5.0,0,1,0,0,0,13,8,8,0,1,1
1019.0,41.8,77.9,52.0,18.0,82.9,4.0,0,1,0,1,0,6,8,9,0,0,4
1017.0,33.4,66.3,81.0,11.0,10.7,2.0,1,0,0,0,1,18,23,5,0,0,5
1016.0,42.0,88.7,88.0,19.0,51.3,1.0,0,1,0,0,0,27,9,7,0,1,4
1011.0,37.7,83.5,100.0,15.0,15.5,6.0,0,1,0,0,0,10,10,11,0,1,5
1018.0,46.6,85.1,100.0,15.0,16.5,0.0,1,0,0,0,0,29,0,7,0,1,6
1013.0,34.0,80.3,82.0,22.0,18.4,3.0,0,1,0,0,1,3,11,7,0,0,2
1025.0,37.2,88.6,42.0,28.0,29.1,3.0,0,1,0,1,0,12,13,9,0,0,3
1014.0,35.6,83.8,48.0,21.0,23.2,4.0,0,1,0,1,0,4,18,5,0,0,5
1016.0,42.0,76.3,87.0,10.0,0.0,4.0,1,0,0,0,0,20,5,1,0,1,6
1022.0,37.3,73.1,34.0,25.0,9.1,3.0,0,1,0,1,0,29,12,5,0,0,2
1004.0,42.7,79.5,71.0,10.0,13.7,4.0,1,0,0,0,1,25,1,4,0,0,3
1015.0,34.7,77.5,82.0,18.0,7.7,6.0,0,0,1,0,0,17,20,7,0,1,2
1014.0,41.7,66.5,82.0,15.0,67.6,4.0,0,1,0,0,0,8,17,5,0,1,2
1020.0,44.7,87.8,100.0,14.0,1.3,0.0,1,0,0,1,0,19,1,9,0,0,2
1023.0,35.4,75.4,63.0,20.0,60.8,5.0,0,1,0,0,1,11,12,5,0,0,5
1023.0,41.2,86.6,81.0,10.0,6.3,1.0,1,0,0,0,0,16,3,2,0,1,5
1022.0,37.1,89.6,39.0,30.0,14.2,6.0,0,1,0,1,0,26,13,9,0,0,2
1016.0,33.1,86.1,73.0,26.0,42.7,4.0,0,1,0,0,0,9,16,7,0,1,1
1019.0,37.4,68.5,34.0,23.0,4.9,1.0,1,0,0,1,0,12,21,5,0,0,6
1016.0,37.9,82.8,59.0,16.0,24.5,3.0,0,1,0,0,0,7,15,11,0,1,2
1019.0,42.6,76.1,93.0,8.0,49.3,3.0,0,0,1,0,0,18,17,1,0,1,4
1004.0,37.6,92.5,88.0,17.0,17.8,6.0,1,0,0,0,0,10,19,10,0,1,2
1019.0,37.5,90.0,100.0,16.0,24.9,1.0,1,0,0,0,0,21,1,7,0,1,6
1019.0,36.2,82.6,38.0,22.0,51.6,5.0,0,1,0,1,0,6,11,9,0,0,4
1018.0,43.6,62.2,67.0,15.0,144.6,4.0,0,1,0,0,1,11,8,6,0,0,1
1019.0,38.0,64.8,34.0,17.0,3.1,1.0,1,0,0,1,0,13,2,5,0,0,0
1015.0,46.6,84.7,94.0,20.0,0.0,0.0,1,0,0,1,0,5,4,8,0,0,6
1018.0,44.9,87.3,93.0,19.0,0.0,1.0,1,0,0,0,0,31,5,7,0,1,1
1021.0,44.0,84.0,76.0,8.0,2.1,3.0,1,0,0,1,0,17,1,2,0,0,6
1003.0,43.6,68.1,81.0,10.0,4.3,5.0,1,0,0,0,1,24,22,4,0,0,2
1011.0,37.9,88.8,76.0,13.0,9.5,4.0,0,1,0,0,0,25,13,11,0,1,6
1025.0,45.8,88.5,66.0,11.0,86.4,5.0,0,1,0,1,0,14,9,2,0,0,3
1018.0,37.4,91.6,93.0,18.0,33.9,1.0,0,1,0,0,0,18,10,9,1,0,1
1021.0,38.6,82.8,59.0,19.0,20.5,6.0,0,1,0,0,1,10,13,6,0,0,0
1024.0,40.9,87.8,36.0,24.0,8.3,6.0,0,1,0,1,0,23,13,10,0,0,1
1018.0,39.5,66.5,87.0,16.0,2.1,2.0,1,0,0,0,0,1,5,6,0,1,5
1017.0,44.5,85.0,100.0,17.0,49.8,4.0,0,1,0,0,0,28,18,8,0,1,1
1019.0,47.3,62.2,53.0,19.0,128.3,5.0,0,1,0,1,0,13,8,5,0,0,0
1013.0,40.6,83.6,61.0,30.0,61.8,3.0,0,1,0,0,1,11,17,7,0,0,3
1016.0,39.8,85.1,100.0,16.0,3.1,2.0,1,0,0,0,1,5,4,7,0,0,4
1017.0,33.2,90.2,93.0,19.0,61.7,3.0,0,1,0,0,0,5,10,7,0,1,4
1017.0,34.4,82.3,73.0,21.0,3.1,4.0,0,1,0,0,1,21,19,7,0,0,6
1025.0,38.1,75.3,93.0,9.0,6.6,1.0,1,0,0,0,0,28,2,1,0,1,0
1020.0,37.6,64.9,87.0,11.0,4.7,2.0,1,0,0,0,0,9,3,6,0,1,6
1015.0,48.8,74.5,100.0,16.0,121.3,1.0,0,1,0,0,0,16,8,10,0,1,1
1014.0,40.8,79.5,87.0,11.0,0.0,3.0,1,0,0,0,0,14,22,10,0,1,6
1001.0,41.1,86.9,59.0,18.0,0.0,4.0,1,0,0,1,0,18,4,11,0,0,6
1015.0,33.9,93.6,83.0,21.0,19.9,4.0,0,1,0,0,1,13,11,7,0,0,5
1017.0,48.2,82.9,82.0,12.0,3.3,0.0,1,0,0,1,0,5,0,10,0,0,4
1016.0,43.4,77.9,93.0,18.0,8.3,1.0,1,0,0,0,0,24,23,7,0,1,1
1016.0,43.6,88.7,36.0,25.0,0.0,3.0,1,0,0,1,0,20,5,8,0,0,0
1018.0,41.0,74.1,93.0,13.0,19.5,8.0,0,1,0,0,0,23,13,1,0,1,2
1013.0,39.3,91.7,93.0,13.0,4.4,1.0,0,1,0,0,0,27,7,8,0,1,0
1018.0,40.2,89.2,100.0,14.0,3.6,0.0,1,0,0,0,0,29,2,7,0,1,6
1021.0,38.2,80.6,64.0,20.0,31.5,3.0,1,0,0,1,0,22,18,10,0,0,0
985.0,50.3,66.6,96.0,11.0,1.2,0.0,1,0,0,0,0,19,1,11,0,1,0
1017.0,44.7,85.7,93.0,18.0,46.5,2.0,0,1,0,0,0,28,17,8,0,1,1
1017.0,34.8,77.4,77.0,21.0,55.1,3.0,0,1,0,0,1,3,16,6,0,0,0
1025.0,45.9,83.6,59.0,15.0,1.3,4.0,1,0,0,1,0,24,2,10,0,0,2
1030.0,32.8,94.3,54.0,12.0,13.0,1.0,0,1,0,1,0,5,12,2,0,0,1
1027.0,31.8,80.5,77.0,16.0,29.4,2.0,0,1,0,0,0,5,16,12,0,1,2
1016.0,42.0,78.8,73.0,29.0,41.0,2.0,0,1,0,0,0,22,16,7,0,1,0
1019.0,44.0,85.5,93.0,13.0,4.2,1.0,1,0,0,1,0,17,2,10,0,0,2
1030.0,44.1,79.2,54.0,8.0,67.3,5.0,0,1,0,1,0,25,9,2,0,0,0
1020.0,37.6,82.6,73.0,19.0,7.4,1.0,0,1,0,1,0,11,10,8,0,0,5
1015.0,41.8,85.9,60.0,20.0,18.1,7.0,0,1,0,1,0,25,18,8,0,0,5
1019.0,37.7,76.8,100.0,15.0,112.4,3.0,0,1,0,0,0,13,15,4,0,1,5
1016.0,39.2,79.7,34.0,25.0,7.3,3.0,1,0,0,1,0,19,20,8,0,0,6
1031.0,41.3,90.0,100.0,8.0,0.0,1.0,1,0,0,0,0,28,1,2,0,1,3
1012.0,46.5,69.8,76.0,14.0,30.1,8.0,0,1,0,0,0,24,11,11,0,1,5
1026.0,36.7,93.3,82.0,15.0,55.7,3.0,0,1,0,0,1,2,17,3,0,0,5
1021.0,40.1,88.3,68.0,18.0,25.8,8.0,0,0,1,1,0,9,19,8,0,0,3
1022.0,44.4,83.0,82.0,18.0,14.8,4.0,1,0,0,0,1,11,20,8,0,0,6
1014.0,40.2,77.9,69.0,25.0,17.5,2.0,0,1,0,1,0,26,12,8,0,0,0
1010.0,41.4,76.1,93.0,10.0,0.0,3.0,1,0,0,0,0,18,4,4,0,1,3
1019.0,42.8,81.6,93.0,14.0,5.4,2.0,1,0,0,0,0,16,22,10,0,1,1
1014.0,43.3,82.6,65.0,27.0,135.6,2.0,0,1,0,1,0,11,10,7,0,0,3
1018.0,34.8,88.4,88.0,16.0,28.1,1.0,0,1,0,0,0,14,10,9,0,1,4
1031.0,41.0,83.1,86.0,3.0,2.2,2.0,1,0,0,1,0,3,23,2,0,0,6
1017.0,42.9,71.6,93.0,14.0,0.0,3.0,1,0,0,0,0,21,23,5,0,1,1
1018.0,36.5,70.9,88.0,18.0,3.9,1.0,0,1,0,0,1,30,9,6,0,0,6
1021.0,39.6,88.3,68.0,21.0,52.1,6.0,0,1,0,1,0,19,17,9,0,0,2
1029.0,37.6,93.8,39.0,17.0,9.8,3.0,0,1,0,1,0,24,11,2,0,0,6
1016.0,38.8,79.7,83.0,20.0,5.2,1.0,0,1,0,0,0,14,9,7,0,1,6
1021.0,37.6,86.8,78.0,20.0,23.4,1.0,0,1,0,1,0,12,10,9,0,0,2
1010.0,41.8,78.6,93.0,15.0,9.1,3.0,1,0,0,0,0,21,20,9,0,1,5
1021.0,37.0,82.1,100.0,12.0,16.3,0.0,0,1,0,0,0,15,7,6,0,1,5
1015.0,43.6,68.8,93.0,14.0,10.5,1.0,0,1,0,0,0,25,6,6,0,1,1
1016.0,43.3,85.2,73.0,18.0,21.4,3.0,1,0,0,1,0,17,22,8,0,0,4
1015.0,41.1,89.2,88.0,19.0,30.1,4.0,0,1,0,0,0,5,11,9,0,1,2
1016.0,34.6,72.9,82.0,17.0,13.7,2.0,0,1,0,0,0,20,10,6,0,1,3
1018.0,37.7,81.2,48.0,18.0,25.1,7.0,0,1,0,0,0,11,12,6,0,1,1
1008.0,41.6,74.9,71.0,10.0,0.0,4.0,0,1,0,1,0,25,8,4,0,0,3
1020.0,36.7,81.2,94.0,22.0,45.2,5.0,0,1,0,0,1,14,19,8,0,0,2
1020.0,37.6,84.4,73.0,20.0,10.3,2.0,0,1,0,1,0,13,13,9,0,0,3
1014.0,43.4,62.5,100.0,12.0,6.9,2.0,0,0,1,0,0,9,6,5,0,1,3
1023.0,41.6,72.1,56.0,17.0,58.0,2.0,0,1,0,1,0,13,7,9,0,0,4
1015.0,33.9,79.5,82.0,20.0,14.8,4.0,0,1,0,0,1,24,18,6,0,0,0
1018.0,46.9,71.3,100.0,14.0,0.0,4.0,1,0,0,0,0,14,3,4,0,1,6
1014.0,34.4,85.9,43.0,21.0,22.8,1.0,0,1,0,1,0,4,11,5,0,0,5
1016.0,33.2,92.3,82.0,20.0,42.2,2.0,0,1,0,0,0,17,11,7,0,1,2
1023.0,37.1,89.1,67.0,17.0,62.0,6.0,0,1,0,1,0,10,10,9,0,0,1
1023.0,43.8,75.1,72.0,18.0,5.1,1.0,1,0,0,1,0,13,1,9,0,0,4
1006.0,44.4,85.1,100.0,13.0,0.0,6.0,1,0,0,0,0,6,23,11,0,1,1
1026.0,36.6,90.7,76.0,14.0,34.9,2.0,0,0,1,0,1,2,18,3,0,0,5
1021.0,39.2,85.6,100.0,14.0,19.2,1.0,0,1,0,0,0,28,9,9,0,1,5
1015.0,47.8,77.3,100.0,16.0,0.0,3.0,1,0,0,0,0,9,4,7,0,1,1
1017.0,40.7,80.5,68.0,22.0,100.1,2.0,0,1,0,0,1,5,19,7,0,0,4
1027.0,31.2,100.1,42.0,20.0,178.6,2.0,0,1,0,1,0,24,16,2,0,0,6
1018.0,32.1,81.1,88.0,21.0,33.9,4.0,0,1,0,0,0,29,14,4,0,1,0
1013.0,38.5,64.1,82.0,15.0,4.8,2.0,1,0,0,0,0,15,3,5,0,1,2
1017.0,42.3,63.4,100.0,15.0,4.1,1.0,1,0,0,0,0,20,2,6,0,1,3
1012.0,40.0,87.9,47.0,13.0,64.2,7.0,0,0,1,0,0,27,17,10,0,1,5
1018.0,33.6,76.1,82.0,18.0,93.5,5.0,0,1,0,0,0,10,15,5,0,1,4
1027.0,34.4,95.2,42.0,17.0,40.9,2.0,0,1,0,1,0,13,15,2,0,0,2
1019.0,45.1,88.8,93.0,15.0,0.0,0.0,1,0,0,1,0,12,5,9,0,0,2
1021.0,34.7,83.9,54.0,13.0,48.3,4.0,0,0,1,0,0,17,17,1,0,1,3
1018.0,38.5,85.9,82.0,22.0,28.3,6.0,0,1,0,0,1,20,18,7,0,0,5
1021.0,45.6,86.2,93.0,15.0,46.3,1.0,0,0,1,0,0,21,7,9,0,1,4
1021.0,44.0,85.5,87.0,14.0,113.3,2.0,0,0,1,1,0,22,7,10,0,0,0
1019.0,41.4,87.3,77.0,15.0,17.6,5.0,1,0,0,1,0,6,19,10,0,0,5
1014.0,34.3,92.0,74.0,26.0,35.5,1.0,0,0,1,1,0,5,19,8,0,0,6
1015.0,36.1,79.5,82.0,20.0,12.2,4.0,0,1,0,0,0,24,14,6,0,1,0
1019.0,37.2,89.3,73.0,22.0,27.5,4.0,0,1,0,0,0,30,11,7,0,1,0
1019.0,38.3,74.7,93.0,8.0,12.8,3.0,1,0,0,0,0,16,4,1,0,1,2
1026.0,32.9,101.9,51.0,14.0,18.9,1.0,0,1,0,1,0,15,12,2,0,0,4
1017.0,44.4,79.5,72.0,12.0,8.1,0.0,0,1,0,1,0,5,9,10,0,0,4
1016.0,45.6,70.7,43.0,20.0,2.1,6.0,0,1,0,1,0,8,9,9,0,0,6
1015.0,36.8,77.6,82.0,22.0,13.3,4.0,0,1,0,0,0,15,13,5,0,1,2
1018.0,42.4,82.4,53.0,24.0,20.7,2.0,1,0,0,1,0,25,19,9,0,0,1
1018.0,41.9,92.3,93.0,17.0,3.5,1.0,1,0,0,1,0,16,20,9,0,0,6
1022.0,35.5,79.8,81.0,5.0,67.0,4.0,0,1,0,0,0,18,11,1,0,1,4
1030.0,49.6,79.0,100.0,13.0,8.0,2.0,1,0,0,0,0,6,21,12,0,1,3
1005.0,41.6,85.3,93.0,14.0,0.0,4.0,1,0,0,0,0,31,3,1,0,1,3
1026.0,45.5,84.0,48.0,28.0,21.1,3.0,0,1,0,1,0,27,12,9,0,0,3
1028.0,41.4,89.1,66.0,9.0,0.0,5.0,1,0,0,1,0,13,6,2,0,0,2
1030.0,43.9,74.4,100.0,14.0,57.9,1.0,1,0,0,0,0,6,18,12,0,1,3
1023.0,42.7,70.1,100.0,13.0,0.8,0.0,1,0,0,0,0,3,23,12,0,1,0
1021.0,40.5,66.3,68.0,19.0,3.7,1.0,1,0,0,1,0,29,23,5,0,0,2
1016.0,38.6,74.5,82.0,21.0,58.5,2.0,0,1,0,0,1,26,18,6,0,0,2
1009.0,44.0,85.5,82.0,17.0,32.9,3.0,0,1,0,0,0,11,10,10,0,1,3
1018.0,46.2,87.9,100.0,12.0,2.0,2.0,1,0,0,0,0,17,4,10,0,1,2
1016.0,33.5,87.7,93.0,20.0,14.7,2.0,0,1,0,0,0,15,12,7,0,1,0
1021.0,44.0,81.9,69.0,26.0,12.6,4.0,0,1,0,1,0,15,13,8,0,0,3
1028.0,41.5,88.4,100.0,7.0,0.0,0.0,1,0,0,1,0,11,0,2,0,0,0
1018.0,44.9,84.6,88.0,19.0,115.5,3.0,0,1,0,0,0,18,17,9,0,1,1
995.0,53.5,67.1,81.0,8.0,2.8,0.0,1,0,0,1,0,23,5,4,0,0,1
1019.0,41.7,83.4,69.0,26.0,32.5,6.0,0,1,0,0,1,21,15,7,0,0,6
1016.0,36.9,90.4,73.0,21.0,31.8,5.0,0,1,0,0,0,26,14,7,0,1,3
1022.0,45.9,77.0,100.0,15.0,0.0,2.0,1,0,0,0,0,2,4,11,0,1,4
1022.0,32.9,101.9,67.0,12.0,25.5,2.0,0,1,0,0,0,4,10,3,0,1,0
1006.0,43.2,81.6,93.0,10.0,7.3,1.0,1,0,0,0,0,31,1,10,0,1,2
1009.0,40.8,85.9,100.0,14.0,3.8,5.0,0,1,0,0,0,11,13,11,0,1,6
1019.0,36.2,82.3,72.0,21.0,11.7,1.0,1,0,0,1,0,31,21,5,0,0,4
1020.0,44.5,80.9,82.0,15.0,8.1,4.0,1,0,0,1,0,6,20,10,0,0,5
1018.0,34.7,93.6,53.0,21.0,24.4,4.0,0,1,0,1,0,20,12,10,0,0,5
1019.0,39.1,76.8,59.0,16.0,17.6,5.0,1,0,0,0,1,25,0,5,0,0,5
1017.0,40.2,66.6,93.0,16.0,1.0,2.0,1,0,0,0,0,30,1,6,0,1,6
1024.0,46.0,81.2,88.0,19.0,9.2,0.0,1,0,0,1,0,27,22,9,0,0,3
1016.0,43.1,83.3,100.0,14.0,1.5,1.0,1,0,0,1,0,30,1,9,0,0,6
1019.0,43.7,79.2,73.0,22.0,78.2,0.0,0,1,0,1,0,4,9,9,0,0,2
1017.0,43.1,71.3,100.0,10.0,0.0,1.0,1,0,0,0,0,17,5,6,0,1,0
1026.0,37.2,83.6,72.0,19.0,63.1,6.0,0,1,0,0,1,27,16,4,0,0,5
1019.0,39.8,84.5,77.0,24.0,21.9,4.0,0,1,0,0,0,29,16,8,0,1,3
1017.0,40.3,65.7,88.0,18.0,77.8,3.0,0,1,0,0,0,27,10,6,0,1,3
1017.0,49.6,73.7,100.0,15.0,3.5,0.0,1,0,0,0,0,19,6,9,1,0,3
1012.0,44.0,59.9,100.0,14.0,0.0,5.0,1,0,0,0,0,23,1,6,0,1,6
1016.0,41.9,86.1,93.0,22.0,61.2,1.0,0,1,0,0,0,17,15,9,0,1,1
1018.0,38.8,73.5,63.0,16.0,43.2,3.0,0,1,0,0,1,5,16,6,0,0,2
1027.0,41.5,88.3,100.0,4.0,0.0,1.0,1,0,0,1,0,6,3,2,0,0,2
1017.0,39.2,91.1,77.0,21.0,32.4,7.0,0,1,0,0,1,18,14,8,0,0,6
1016.0,39.4,83.8,77.0,23.0,52.6,3.0,0,1,0,0,0,4,16,7,0,1,3
1017.0,39.6,88.7,100.0,16.0,30.3,3.0,0,1,0,0,0,17,12,9,0,1,0
1012.0,47.7,72.9,77.0,14.0,0.0,3.0,1,0,0,1,0,17,0,11,0,0,5
1021.0,43.0,82.7,88.0,16.0,2.6,0.0,1,0,0,1,0,10,23,9,0,0,0
998.0,43.5,68.3,93.0,10.0,1.4,1.0,1,0,0,0,0,22,21,4,0,1,0
1024.0,42.1,75.4,87.0,15.0,0.0,6.0,1,0,0,0,0,3,1,12,0,1,0
1019.0,40.2,67.9,87.0,14.0,0.0,4.0,1,0,0,0,0,10,23,6,0,1,0
1020.0,42.2,71.2,100.0,9.0,8.2,1.0,1,0,0,1,0,25,21,1,0,0,4
1016.0,36.1,92.3,100.0,17.0,8.1,5.0,1,0,0,0,0,20,0,7,0,1,5
1019.0,35.9,80.7,100.0,14.0,57.0,5.0,0,1,0,0,0,13,17,4,0,1,5
1020.0,40.5,85.8,77.0,20.0,5.5,1.0,1,0,0,0,0,29,23,7,0,1,6
1030.0,32.7,100.1,62.0,9.0,48.3,3.0,0,1,0,1,0,5,11,2,0,0,1
1018.0,41.7,72.9,76.0,8.0,0.0,1.0,1,0,0,1,0,30,5,3,0,0,5
1024.0,43.4,75.0,52.0,18.0,2.8,4.0,1,0,0,1,0,12,3,9,0,0,3
1016.0,41.0,76.9,52.0,18.0,6.6,1.0,1,0,0,1,0,7,23,9,0,0,5
1024.0,37.3,90.3,46.0,23.0,47.9,0.0,1,0,0,1,0,23,18,10,0,0,1
1016.0,45.5,80.2,28.0,22.0,9.4,3.0,1,0,0,1,0,20,0,8,0,0,0
1027.0,44.9,79.8,87.0,5.0,29.8,1.0,0,1,0,1,0,6,10,2,0,0,2
1018.0,37.8,68.8,77.0,22.0,6.8,8.0,0,1,0,0,1,26,19,5,0,0,6
1023.0,44.4,67.6,76.0,12.0,77.1,4.0,0,1,0,0,0,28,8,11,1,0,2
1026.0,37.4,93.1,76.0,8.0,0.0,4.0,1,0,0,1,0,14,0,2,0,0,3
1016.0,41.9,74.8,71.0,14.0,60.5,8.0,0,1,0,1,0,2,18,4,0,0,1
1020.0,42.9,87.9,100.0,15.0,17.3,1.0,0,1,0,0,0,13,9,9,0,1,3
1018.0,34.4,91.6,100.0,9.0,0.0,3.0,0,1,0,0,0,1,9,11,0,1,3
1017.0,40.7,88.5,52.0,31.0,12.7,1.0,0,1,0,1,0,4,10,8,0,0,5
1018.0,46.3,78.8,100.0,16.0,4.9,0.0,1,0,0,0,0,31,2,8,0,1,5
1024.0,41.8,75.0,81.0,8.0,0.0,1.0,1,0,0,0,0,21,21,1,0,1,0
1015.0,41.7,87.8,100.0,15.0,3.0,0.0,1,0,0,1,0,8,3,8,0,0,2
1018.0,40.3,88.9,69.0,20.0,167.0,1.0,0,1,0,1,0,14,11,8,0,0,1
1015.0,39.2,90.1,81.0,10.0,2.2,6.0,0,0,1,1,0,5,7,3,0,0,1
1025.0,47.0,82.6,100.0,7.0,0.0,1.0,1,0,0,0,0,7,5,2,1,0,3
1018.0,36.8,78.2,68.0,24.0,57.7,6.0,0,1,0,0,1,26,17,5,0,0,6
1017.0,51.8,80.1,100.0,16.0,0.0,1.0,1,0,0,0,0,15,0,9,0,1,5
1015.0,41.6,83.8,100.0,16.0,2.0,1.0,1,0,0,0,0,18,1,9,0,1,2
1016.0,50.7,81.1,100.0,11.0,0.0,0.0,1,0,0,1,0,6,5,10,0,0,5
1017.0,37.7,91.8,77.0,18.0,26.8,3.0,0,1,0,1,0,29,11,9,0,0,5
1021.0,36.6,89.7,64.0,23.0,109.0,5.0,0,1,0,1,0,13,14,8,0,0,1
1019.0,42.5,62.5,100.0,13.0,5.3,2.0,1,0,0,0,1,23,2,5,0,0,3
1029.0,33.8,83.1,76.0,13.0,12.9,3.0,0,1,0,0,1,27,9,4,0,0,5
1019.0,41.7,75.0,48.0,20.0,41.5,2.0,0,1,0,1,0,29,17,3,0,0,4
1027.0,48.8,75.8,100.0,8.0,55.1,1.0,0,1,0,1,0,1,8,3,0,0,4
1017.0,44.1,69.9,100.0,15.0,1.9,10.0,1,0,0,0,0,1,1,9,0,1,6
1021.0,45.2,79.0,100.0,13.0,1.2,1.0,1,0,0,0,0,26,2,9,0,1,3
1018.0,43.1,71.0,100.0,15.0,0.0,1.0,0,1,0,0,0,2,7,6,0,1,6
1014.0,34.4,75.4,87.0,13.0,4.8,2.0,1,0,0,0,0,13,23,6,0,1,3
1004.0,41.9,74.3,87.0,12.0,0.0,1.0,1,0,0,0,0,20,21,11,0,1,1
1018.0,41.3,82.6,100.0,17.0,2.8,1.0,1,0,0,0,0,9,0,9,0,1,6
1010.0,48.1,88.8,47.0,13.0,99.6,7.0,0,1,0,0,0,28,16,10,0,1,6
1030.0,44.7,77.1,93.0,14.0,48.5,2.0,1,0,0,0,0,6,17,12,0,1,3
1015.0,41.1,82.1,65.0,27.0,26.0,3.0,0,1,0,0,1,12,14,7,0,0,4
1024.0,38.0,76.9,93.0,8.0,1.4,2.0,1,0,0,0,0,5,5,12,0,1,2
1019.0,35.2,95.1,77.0,19.0,15.2,2.0,0,1,0,0,1,28,19,4,0,0,6
1017.0,36.4,74.6,77.0,22.0,73.1,4.0,0,1,0,0,1,1,19,7,0,0,0
1024.0,42.3,75.8,93.0,8.0,0.0,3.0,1,0,0,1,0,27,3,11,0,0,1
1016.0,48.3,64.8,100.0,16.0,148.6,1.0,0,1,0,0,1,26,8,6,0,0,2
1019.0,34.9,88.7,100.0,15.0,8.9,1.0,1,0,0,0,0,21,4,7,0,1,6
1013.0,44.4,83.6,100.0,19.0,3.1,1.0,1,0,0,0,0,11,4,7,0,1,3
1022.0,38.2,63.9,93.0,13.0,3.8,1.0,1,0,0,0,0,11,4,5,0,1,5
1025.0,35.8,80.5,87.0,8.0,33.5,3.0,0,1,0,1,0,21,11,1,0,0,0
1016.0,44.7,84.4,94.0,21.0,14.3,0.0,1,0,0,1,0,5,21,8,0,0,6
1014.0,43.5,86.5,41.0,20.0,2.3,5.0,0,1,0,1,0,1,8,9,0,0,5
1020.0,39.8,82.0,100.0,18.0,15.1,2.0,1,0,0,0,0,9,22,8,0,1,4
1022.0,34.4,80.4,30.0,29.0,12.4,3.0,0,1,0,1,0,30,12,5,0,0,3
1021.0,37.6,94.3,82.0,20.0,45.8,6.0,0,1,0,0,1,10,18,8,0,0,5
1020.0,49.1,81.8,93.0,15.0,0.0,2.0,1,0,0,0,0,9,23,9,0,1,0
1018.0,37.4,89.3,72.0,21.0,52.2,4.0,0,1,0,0,0,21,17,10,0,1,6
1012.0,32.7,99.7,79.0,7.0,36.7,0.0,0,1,0,0,0,4,17,2,0,1,0
1011.0,48.9,85.9,87.0,12.0,0.8,2.0,1,0,0,1,0,14,5,10,0,0,6
1013.0,44.0,85.5,93.0,17.0,0.0,1.0,1,0,0,1,0,7,6,9,0,0,4
1023.0,40.8,85.0,100.0,12.0,16.3,1.0,0,1,0,0,0,12,7,8,0,1,0
1023.0,37.1,67.7,54.0,11.0,2.4,6.0,1,0,0,1,0,10,22,12,0,0,0
1021.0,46.9,75.4,72.0,21.0,1.8,2.0,0,1,0,1,0,14,8,9,0,0,5
1013.0,45.4,65.3,88.0,16.0,7.9,4.0,0,1,0,0,0,4,6,6,0,1,1
1012.0,42.6,70.9,87.0,11.0,98.0,4.0,0,1,0,0,0,22,9,11,0,1,3
1014.0,47.9,60.6,28.0,17.0,84.7,5.0,0,1,0,1,0,14,7,5,0,0,1
1020.0,32.0,85.4,93.0,15.0,30.2,3.0,0,1,0,0,0,13,13,4,0,1,5
1016.0,44.3,78.1,93.0,17.0,127.8,1.0,0,1,0,0,0,26,9,6,0,1,2
1005.0,48.0,65.3,87.0,9.0,2.5,4.0,1,0,0,0,1,25,3,4,0,0,3
1017.0,41.7,71.3,31.0,23.0,4.9,3.0,1,0,0,1,0,5,21,9,0,0,3
1023.0,46.1,78.8,76.0,14.0,32.5,4.0,1,0,0,1,0,13,19,11,0,0,1
1009.0,47.0,82.2,100.0,15.0,0.0,7.0,0,1,0,0,0,11,8,11,0,1,6
1021.0,38.8,78.6,63.0,19.0,124.2,2.0,0,1,0,0,1,9,15,6,0,0,6
1017.0,45.6,87.7,100.0,14.0,0.0,1.0,1,0,0,1,0,1,1,8,0,0,2
1024.0,43.4,88.4,73.0,20.0,19.4,2.0,0,1,0,1,0,23,11,9,0,0,6
1019.0,43.6,88.7,77.0,20.0,43.1,1.0,0,1,0,0,0,15,10,9,0,1,5
1017.0,44.3,75.7,93.0,17.0,8.1,2.0,1,0,0,0,0,31,22,8,0,1,5
1022.0,40.4,89.8,68.0,21.0,31.1,2.0,0,1,0,1,0,19,12,9,0,0,2
1020.0,43.4,62.3,88.0,18.0,52.9,2.0,0,1,0,0,0,1,9,7,0,1,0
1018.0,36.9,85.8,100.0,20.0,33.0,2.0,1,0,0,0,1,23,22,8,0,0,4
1016.0,45.1,70.7,93.0,18.0,93.1,2.0,0,1,0,0,0,9,8,7,0,1,1
1017.0,44.0,85.5,77.0,19.0,122.8,7.0,0,1,0,0,0,12,8,10,0,1,4
1015.0,46.8,59.7,93.0,16.0,72.1,2.0,0,1,0,0,0,26,7,6,0,1,2
1025.0,38.8,88.6,82.0,13.0,29.7,3.0,0,1,0,0,0,6,15,2,0,1,2
999.0,32.5,70.5,81.0,11.0,24.5,1.0,0,1,0,0,0,23,12,4,0,1,1
1013.0,43.6,72.1,93.0,7.0,0.0,2.0,1,0,0,0,0,23,6,11,0,1,4
1014.0,42.9,71.4,100.0,12.0,0.0,3.0,1,0,0,0,0,9,4,5,0,1,3
1019.0,37.6,84.4,38.0,25.0,8.2,2.0,0,1,0,1,0,4,12,10,0,0,3
1015.0,44.0,85.5,77.0,17.0,2.1,7.0,1,0,0,0,0,12,6,10,0,1,4
1018.0,42.1,73.9,100.0,11.0,0.0,1.0,1,0,0,1,0,30,3,4,0,0,1
1015.0,42.4,79.8,82.0,25.0,42.1,3.0,0,1,0,0,0,2,14,7,0,1,1
1022.0,46.1,85.7,34.0,16.0,1.3,5.0,1,0,0,1,0,23,4,10,0,0,1
1016.0,39.8,89.6,100.0,17.0,3.7,1.0,0,1,0,0,0,16,8,8,1,0,3
1016.0,42.6,86.5,69.0,21.0,101.0,3.0,0,1,0,0,0,15,15,8,0,1,2
1016.0,43.4,88.3,82.0,21.0,36.7,4.0,0,1,0,0,0,24,18,7,0,1,1
1016.0,41.9,76.2,100.0,17.0,0.0,3.0,1,0,0,0,0,17,21,9,0,1,1
1026.0,39.3,91.3,93.0,8.0,2.9,3.0,1,0,0,0,0,7,0,2,1,0,3
1018.0,42.9,74.9,72.0,20.0,3.3,0.0,1,0,0,1,0,15,22,9,0,0,6
1013.0,40.1,67.0,100.0,15.0,3.1,5.0,1,0,0,0,0,10,3,5,0,1,4
1018.0,35.2,81.2,82.0,15.0,30.1,1.0,0,1,0,0,0,2,11,4,0,1,1
1016.0,38.1,89.4,48.0,27.0,21.9,3.0,0,1,0,1,0,31,14,8,0,0,4
1015.0,40.4,89.8,77.0,20.0,14.9,3.0,0,1,0,1,0,6,12,9,0,0,3
1018.0,37.1,89.6,37.0,26.0,42.0,2.0,0,0,1,1,0,25,18,9,0,0,1
1017.0,39.6,81.5,53.0,28.0,34.6,3.0,0,1,0,1,0,1,17,6,0,0,5
1015.0,37.0,83.2,100.0,18.0,6.1,3.0,1,0,0,0,0,10,5,7,0,1,2
1019.0,32.3,79.8,76.0,14.0,33.7,7.0,0,1,0,0,1,10,16,4,0,0,2
1010.0,40.0,85.1,100.0,11.0,46.5,6.0,0,1,0,0,0,30,15,1,0,1,2
1018.0,47.7,69.3,51.0,16.0,52.2,4.0,0,1,0,1,0,28,8,5,0,0,1
1016.0,38.2,88.9,62.0,11.0,0.0,4.0,0,0,1,1,0,27,7,10,0,0,5
1016.0,37.3,81.6,48.0,30.0,69.2,4.0,0,1,0,1,0,2,16,9,0,0,0
1024.0,48.5,75.8,57.0,6.0,56.8,2.0,0,1,0,1,0,15,8,2,0,0,4
1018.0,41.9,81.8,100.0,15.0,4.1,2.0,1,0,0,1,0,13,23,9,0,0,3
1022.0,39.4,90.0,60.0,20.0,41.7,4.0,0,1,0,1,0,10,12,8,0,0,4
1021.0,40.6,84.3,77.0,21.0,52.2,6.0,0,1,0,0,1,23,15,9,0,0,0
998.0,41.3,86.6,81.0,12.0,0.0,1.0,1,0,0,0,0,31,21,1,0,1,3
1018.0,36.1,79.8,68.0,20.0,89.8,6.0,0,1,0,0,1,16,17,6,0,0,6
1021.0,37.0,62.0,87.0,14.0,5.8,5.0,1,0,0,0,0,24,0,5,0,1,4
1023.0,38.4,81.5,100.0,12.0,41.8,4.0,0,1,0,0,0,28,16,1,0,1,0
1022.0,46.2,81.4,100.0,14.0,0.0,2.0,1,0,0,0,0,2,1,11,0,1,4
1023.0,37.0,89.0,72.0,21.0,63.1,5.0,0,1,0,0,1,12,12,8,0,0,0
1032.0,38.9,79.0,72.0,15.0,50.8,3.0,0,1,0,0,0,8,15,12,0,1,5
997.0,41.5,85.8,100.0,13.0,52.8,6.0,1,0,0,0,0,31,18,1,0,1,3
1007.0,40.6,88.2,100.0,13.0,39.1,5.0,1,0,0,0,0,30,19,1,0,1,2
1015.0,44.7,88.4,100.0,17.0,52.8,1.0,0,1,0,0,0,10,7,7,0,1,2
1019.0,34.7,76.3,88.0,20.0,18.0,1.0,0,1,0,0,1,2,10,6,0,0,6
1016.0,43.0,71.4,100.0,15.0,0.0,3.0,1,0,0,0,0,25,0,6,0,1,1
1031.0,41.5,78.3,75.0,5.0,67.4,5.0,0,1,0,1,0,4,10,2,0,0,0
1016.0,37.2,91.3,100.0,15.0,0.0,2.0,0,1,0,0,0,7,6,7,0,1,6
1030.0,31.2,87.3,54.0,12.0,17.7,2.0,0,1,0,1,0,11,13,2,0,0,0
1020.0,41.9,80.6,100.0,17.0,6.3,2.0,1,0,0,0,0,10,3,8,0,1,5
1015.0,39.6,89.1,57.0,26.0,47.6,2.0,0,1,0,1,0,21,11,8,0,0,1
1016.0,46.5,87.9,45.0,17.0,10.9,6.0,1,0,0,1,0,20,6,10,0,0,5
1022.0,46.1,85.7,51.0,16.0,0.0,3.0,1,0,0,1,0,23,1,10,0,0,1
1007.0,43.2,82.5,100.0,17.0,51.5,9.0,0,1,0,0,0,21,16,9,0,1,5
1025.0,41.2,84.9,71.0,12.0,4.9,5.0,1,0,0,1,0,27,6,2,0,0,2
1012.0,41.6,75.4,81.0,10.0,0.0,1.0,0,1,0,1,0,31,7,3,0,0,6
1019.0,38.8,73.4,87.0,16.0,92.4,3.0,0,1,0,0,0,10,18,5,0,1,4
1023.0,45.6,76.6,76.0,12.0,1.3,6.0,1,0,0,1,0,13,21,11,0,0,1
1029.0,37.3,93.9,76.0,12.0,3.0,1.0,1,0,0,1,0,24,22,2,0,0,6
1018.0,42.1,75.6,87.0,12.0,0.0,8.0,1,0,0,0,0,23,5,1,1,0,2
1013.0,46.9,80.2,82.0,12.0,0.0,4.0,0,1,0,0,0,4,8,11,0,1,6
1013.0,43.0,71.5,88.0,16.0,0.0,3.0,1,0,0,0,0,4,5,6,0,1,1
1014.0,34.2,84.9,100.0,17.0,3.9,0.0,1,0,0,0,0,16,3,7,0,1,1
1014.0,36.5,91.0,65.0,27.0,13.0,2.0,0,1,0,1,0,12,12,7,0,0,4
1015.0,43.0,70.8,82.0,10.0,0.0,2.0,1,0,0,0,0,21,4,5,1,0,1
1028.0,41.5,87.9,100.0,3.0,0.0,3.0,1,0,0,0,0,5,5,2,0,1,1
1013.0,45.3,84.6,83.0,19.0,1.0,0.0,1,0,0,1,0,2,0,8,0,0,3
1018.0,33.6,71.1,82.0,21.0,20.4,4.0,0,1,0,0,0,3,12,6,0,1,0
1019.0,39.6,88.3,59.0,19.0,11.1,2.0,0,1,0,1,0,25,12,10,0,0,3
1017.0,43.5,86.0,56.0,22.0,14.3,5.0,0,1,0,1,0,25,14,8,0,0,5
1018.0,46.6,80.1,100.0,16.0,1.2,2.0,1,0,0,0,0,31,1,8,0,1,5
1024.0,42.4,76.7,93.0,11.0,49.6,2.0,1,0,0,0,0,30,19,11,0,1,4
1014.0,42.0,87.4,48.0,29.0,32.5,2.0,0,1,0,1,0,21,14,8,0,0,1
1024.0,46.6,74.4,49.0,18.0,5.1,5.0,1,0,0,1,0,12,6,9,0,0,3
1012.0,39.6,85.3,100.0,21.0,80.0,7.0,0,1,0,0,0,8,11,8,0,1,3
1016.0,45.5,61.7,100.0,14.0,145.6,1.0,0,1,0,0,1,5,8,6,0,0,2
1017.0,40.8,83.9,100.0,16.0,0.0,2.0,1,0,0,0,0,14,21,9,0,1,4
1008.0,49.3,78.8,93.0,17.0,0.0,7.0,1,0,0,0,0,21,6,9,0,1,5
1022.0,31.8,83.2,72.0,16.0,25.7,3.0,0,1,0,0,1,11,12,4,0,0,3
1003.0,49.7,75.2,100.0,13.0,4.3,4.0,1,0,0,0,0,31,7,1,0,1,3
1029.0,41.5,88.8,100.0,11.0,0.0,1.0,1,0,0,0,1,28,23,2,0,0,3
1015.0,42.0,75.3,77.0,12.0,0.0,4.0,1,0,0,1,0,16,5,11,0,0,4
1025.0,43.3,71.4,49.0,18.0,100.8,6.0,0,1,0,1,0,12,8,9,0,0,3
1024.0,38.4,68.2,93.0,13.0,1.9,2.0,1,0,0,0,0,28,1,4,0,1,6
1015.0,46.5,66.4,76.0,10.0,6.4,2.0,0,1,0,0,1,7,6,6,0,0,4
1024.0,39.3,83.5,100.0,14.0,44.8,5.0,0,1,0,0,0,3,12,12,0,1,0
1001.0,41.3,83.0,63.0,16.0,17.4,5.0,0,1,0,0,0,18,12,11,0,1,6
1017.0,42.9,76.2,100.0,15.0,108.5,5.0,0,1,0,0,0,7,9,5,0,1,1
1018.0,39.4,89.5,73.0,20.0,70.1,2.0,0,1,0,1,0,14,12,8,0,0,1
1021.0,42.6,77.7,100.0,13.0,129.7,2.0,0,1,0,1,0,25,8,9,0,0,2
1014.0,35.3,75.9,72.0,17.0,12.3,6.0,0,1,0,0,1,1,13,4,0,0,0
1017.0,37.1,89.6,72.0,18.0,40.8,1.0,0,1,0,0,0,25,16,10,0,1,3
1015.0,45.5,83.5,93.0,15.0,63.6,10.0,1,0,0,0,0,9,19,11,0,1,4
1016.0,32.6,94.3,78.0,21.0,28.6,3.0,0,1,0,0,0,17,12,7,0,1,2
1016.0,42.6,87.0,78.0,21.0,0.0,1.0,1,0,0,1,0,4,4,8,0,0,5
1019.0,42.8,82.0,100.0,13.0,9.8,0.0,1,0,0,1,0,30,2,8,0,0,3
1014.0,44.4,81.4,93.0,18.0,0.0,6.0,1,0,0,0,0,2,0,9,0,1,0
1022.0,35.1,81.2,87.0,7.0,38.1,3.0,0,1,0,0,0,18,13,1,0,1,4
1020.0,35.1,75.8,49.0,22.0,10.4,5.0,0,1,0,1,0,25,13,5,0,0,5
1011.0,46.6,81.0,93.0,9.0,0.0,1.0,1,0,0,0,0,6,2,11,0,1,1
1021.0,41.4,88.9,38.0,16.0,0.0,3.0,1,0,0,1,0,2,23,10,0,0,1
1011.0,45.4,73.0,93.0,15.0,5.4,5.0,1,0,0,0,0,21,23,9,0,1,5
1031.0,41.0,87.5,86.0,2.0,0.0,0.0,1,0,0,1,0,4,1,2,0,0,0
1018.0,41.4,83.4,64.0,23.0,50.1,4.0,0,1,0,0,1,5,16,7,0,0,4
1014.0,46.3,87.4,72.0,17.0,0.0,1.0,1,0,0,1,0,21,5,8,0,0,1
1013.0,33.1,90.2,73.0,25.0,57.2,5.0,0,1,0,0,0,3,15,7,0,1,2
1016.0,44.7,85.7,100.0,11.0,1.2,0.0,1,0,0,1,0,6,3,10,0,0,5
1005.0,46.5,79.2,100.0,13.0,7.3,8.0,0,1,0,0,0,4,15,11,0,1,6
1003.0,32.3,80.1,93.0,17.0,15.9,4.0,0,1,0,0,0,22,12,4,0,1,0
1018.0,40.1,83.0,50.0,23.0,65.5,3.0,0,1,0,1,0,21,10,8,0,0,2
1016.0,40.3,67.6,76.0,12.0,0.0,4.0,1,0,0,0,0,17,0,5,0,1,4
1006.0,54.6,66.6,93.0,10.0,4.5,2.0,1,0,0,0,0,21,7,11,0,1,2
1016.0,45.3,84.6,93.0,18.0,0.0,4.0,1,0,0,0,0,7,4,8,1,0,1
1016.0,33.6,79.4,59.0,18.0,15.6,4.0,0,1,0,0,1,12,12,6,0,0,2
1013.0,42.2,81.4,100.0,17.0,0.0,6.0,1,0,0,0,0,3,2,7,0,1,2
1029.0,35.2,93.6,82.0,14.0,34.1,4.0,0,1,0,0,0,28,17,2,0,1,3
1032.0,36.5,94.0,87.0,12.0,6.1,1.0,0,1,0,0,0,9,11,12,0,1,6
1017.0,47.3,79.5,100.0,14.0,2.5,3.0,1,0,0,0,0,9,1,9,0,1,0
1017.0,41.6,82.5,87.0,17.0,4.9,1.0,1,0,0,0,0,8,21,8,0,1,2
1018.0,40.4,87.9,72.0,19.0,48.9,6.0,0,1,0,0,0,6,15,10,0,1,5
1018.0,52.5,69.3,87.0,11.0,1.2,7.0,1,0,0,0,0,23,3,1,0,1,2
1028.0,41.8,86.9,100.0,9.0,0.0,2.0,1,0,0,1,0,1,3,3,0,0,4
1021.0,43.6,72.9,100.0,9.0,2.5,0.0,1,0,0,1,0,25,2,1,0,0,4
1020.0,40.0,90.1,93.0,16.0,0.0,0.0,1,0,0,1,0,11,6,9,0,0,1
1020.0,40.8,82.2,54.0,15.0,5.2,0.0,1,0,0,1,0,4,0,10,0,0,3
1016.0,35.5,73.1,88.0,20.0,11.5,2.0,0,0,1,0,1,6,20,7,0,0,5
1016.0,40.1,84.1,52.0,30.0,3.9,2.0,0,1,0,1,0,4,18,8,0,0,5
1017.0,34.5,84.3,40.0,23.0,54.9,3.0,0,1,0,1,0,20,11,4,0,0,5
1018.0,40.0,91.1,68.0,22.0,112.8,9.0,0,1,0,0,0,12,13,10,0,1,4
1019.0,47.8,71.8,93.0,11.0,0.0,7.0,1,0,0,0,0,23,0,1,1,0,2
1018.0,40.6,69.1,82.0,21.0,54.6,4.0,0,1,0,0,1,22,14,5,0,0,2
1013.0,42.8,89.4,100.0,18.0,0.0,3.0,1,0,0,0,0,25,5,7,0,1,3
1005.0,44.0,85.5,77.0,18.0,0.7,9.0,1,0,0,0,0,11,2,10,0,1,3
1015.0,44.0,85.5,87.0,16.0,33.9,0.0,0,1,0,0,0,26,10,10,0,1,4
1016.0,36.0,88.0,73.0,25.0,49.1,8.0,0,1,0,0,0,18,16,7,0,1,3
1021.0,39.4,89.7,100.0,4.0,0.0,1.0,1,0,0,1,0,19,3,2,0,0,1
1013.0,38.7,71.1,93.0,12.0,0.0,1.0,0,1,0,1,0,19,7,4,0,0,4
1022.0,34.1,69.8,100.0,13.0,3.3,0.0,1,0,0,0,0,4,2,12,0,1,1
1019.0,56.2,66.6,81.0,11.0,0.0,7.0,1,0,0,0,0,22,22,1,0,1,1
1026.0,40.5,78.9,44.0,22.0,74.2,6.0,0,1,0,1,0,12,10,9,0,0,3
1018.0,42.2,75.8,100.0,17.0,12.6,7.0,0,1,0,0,0,24,8,8,0,1,5
1017.0,35.1,89.4,87.0,18.0,6.5,4.0,0,1,0,0,0,5,19,5,0,1,6
1024.0,45.3,87.4,93.0,18.0,0.0,0.0,1,0,0,1,0,27,4,9,0,0,3
1021.0,46.4,73.9,100.0,12.0,4.8,1.0,1,0,0,0,0,27,6,9,0,1,4
1016.0,42.4,88.3,93.0,17.0,68.4,4.0,0,1,0,0,0,17,14,10,0,1,2
1019.0,45.9,80.9,93.0,7.0,0.0,3.0,1,0,0,0,0,9,5,11,0,1,4
1019.0,34.2,92.5,88.0,17.0,48.4,1.0,0,1,0,0,0,23,11,8,0,1,3
1015.0,43.5,84.3,82.0,17.0,0.0,1.0,1,0,0,1,0,1,1,9,0,0,5
1012.0,37.7,90.3,60.0,20.0,9.9,3.0,1,0,0,1,0,7,21,9,0,0,4
1020.0,46.9,71.2,100.0,10.0,2.6,0.0,1,0,0,0,0,29,23,11,0,1,3
1019.0,32.3,84.1,87.0,14.0,25.5,6.0,0,1,0,0,0,24,12,1,0,1,3
1017.0,41.1,78.3,100.0,16.0,9.3,2.0,1,0,0,0,0,24,6,8,0,1,5
1003.0,42.2,64.5,63.0,18.0,5.7,3.0,1,0,0,1,0,18,1,11,0,0,6
1019.0,45.9,80.0,88.0,22.0,81.0,3.0,0,1,0,0,0,30,18,7,0,1,0
1019.0,39.9,82.1,64.0,26.0,78.4,5.0,0,1,0,1,0,20,14,8,0,0,1
1017.0,41.0,77.0,88.0,17.0,107.2,1.0,0,1,0,0,0,27,9,6,1,0,3
1015.0,45.6,91.8,100.0,16.0,0.0,2.0,1,0,0,0,0,24,4,7,0,1,2
1021.0,40.8,88.3,100.0,16.0,25.8,2.0,0,1,0,0,0,16,11,9,0,1,6
1027.0,31.4,98.4,72.0,17.0,29.3,2.0,0,1,0,0,0,2,15,3,0,1,5
1020.0,35.1,76.6,32.0,30.0,24.2,5.0,0,1,0,1,0,31,13,5,0,0,4
1016.0,47.0,79.8,100.0,6.0,0.0,1.0,1,0,0,0,0,30,6,1,0,1,2
1019.0,37.1,89.6,88.0,18.0,79.3,2.0,0,1,0,0,0,23,16,8,0,1,3
1022.0,37.1,90.1,68.0,22.0,52.8,2.0,0,1,0,0,0,21,11,9,0,1,4
1014.0,34.2,83.3,69.0,26.0,38.3,2.0,0,1,0,0,1,12,10,7,0,0,4
1019.0,41.5,81.7,37.0,30.0,68.4,5.0,0,1,0,1,0,13,16,9,0,0,4
1018.0,37.6,77.6,73.0,23.0,30.1,3.0,0,1,0,0,1,28,11,6,0,0,4
1016.0,39.6,89.1,100.0,17.0,9.8,1.0,1,0,0,0,0,18,6,9,0,1,1
1021.0,44.3,91.6,87.0,12.0,10.7,3.0,1,0,0,0,1,10,21,4,0,0,2
1019.0,37.8,72.4,77.0,20.0,28.4,3.0,0,1,0,0,1,21,12,6,0,0,4
1017.0,44.5,85.0,93.0,16.0,0.0,2.0,0,1,0,0,0,30,7,9,0,1,6
1021.0,35.1,92.2,73.0,24.0,232.3,6.0,0,1,0,0,0,13,16,8,0,1,1
1013.0,34.2,85.5,43.0,20.0,24.6,2.0,0,1,0,1,0,21,11,4,0,0,6
1025.0,36.4,77.3,93.0,7.0,2.3,3.0,1,0,0,1,0,26,23,11,0,0,0
1017.0,41.8,93.1,93.0,16.0,6.3,1.0,1,0,0,0,0,18,1,7,0,1,3
1004.0,39.6,88.7,93.0,16.0,0.8,9.0,1,0,0,0,0,11,5,10,0,1,3
1020.0,37.1,77.7,93.0,14.0,2.9,1.0,1,0,0,0,0,29,0,9,0,1,6
1011.0,45.8,87.0,93.0,13.0,4.4,2.0,1,0,0,0,0,18,6,10,0,1,3
1019.0,45.9,78.4,100.0,15.0,0.7,1.0,1,0,0,0,0,30,3,8,0,1,4
1020.0,41.4,89.3,100.0,14.0,0.0,6.0,0,1,0,0,0,10,10,2,0,1,6
1013.0,40.7,70.7,72.0,13.0,43.7,5.0,1,0,0,1,0,15,4,11,0,0,3
1013.0,41.9,86.6,87.0,15.0,3.7,3.0,1,0,0,1,0,19,4,10,0,0,4
1029.0,35.3,88.2,76.0,15.0,20.0,3.0,0,1,0,0,0,27,13,2,0,1,2
1012.0,38.6,85.0,93.0,16.0,13.8,4.0,1,0,0,0,0,10,19,11,1,0,5
1017.0,37.8,90.6,73.0,22.0,24.3,4.0,0,1,0,0,0,28,15,7,0,1,5
1015.0,41.1,94.0,100.0,22.0,48.2,4.0,0,1,0,0,0,25,12,7,0,1,3
1001.0,40.4,87.4,76.0,12.0,20.2,4.0,0,1,0,0,0,30,15,10,0,1,1
1021.0,35.5,81.4,62.0,14.0,11.5,2.0,0,1,0,1,0,25,13,1,0,0,4
1016.0,38.3,64.9,87.0,14.0,2.4,3.0,1,0,0,0,0,28,1,5,0,1,1
1018.0,35.7,82.1,82.0,20.0,31.3,4.0,0,1,0,0,1,21,18,6,0,0,4
1025.0,37.7,85.9,93.0,14.0,10.5,1.0,1,0,0,0,1,27,23,4,0,0,5
1017.0,49.1,81.5,100.0,18.0,2.5,5.0,1,0,0,0,0,23,22,7,0,1,1
1015.0,37.8,82.3,73.0,23.0,11.6,4.0,0,1,0,0,1,6,12,7,0,0,5
1030.0,44.1,87.8,100.0,4.0,9.7,3.0,1,0,0,1,0,12,3,2,0,0,1
1030.0,47.9,79.5,80.0,5.0,3.5,4.0,1,0,0,1,0,4,3,2,0,0,0
1011.0,45.0,76.5,76.0,12.0,3.8,3.0,1,0,0,1,0,17,5,11,0,0,5
1017.0,42.4,86.1,100.0,14.0,28.3,1.0,0,1,0,0,0,14,9,9,0,1,4
1023.0,41.3,89.0,87.0,6.0,0.0,1.0,1,0,0,1,0,16,6,2,0,0,5
1023.0,39.1,89.9,67.0,16.0,4.3,1.0,1,0,0,1,0,26,21,2,0,0,1
1022.0,46.6,80.1,100.0,14.0,1.0,2.0,1,0,0,0,0,2,2,11,0,1,4
1020.0,38.0,64.4,93.0,12.0,0.0,3.0,1,0,0,0,0,24,4,5,0,1,4
1015.0,35.1,57.4,100.0,16.0,2.4,2.0,0,1,0,0,1,22,9,9,0,0,6
1018.0,39.6,82.0,77.0,24.0,34.5,4.0,0,1,0,0,1,2,15,6,0,0,6
1020.0,40.0,78.8,93.0,12.0,3.3,4.0,1,0,0,1,0,24,21,1,0,0,3
1010.0,41.2,89.7,47.0,13.0,50.5,10.0,0,1,0,0,0,28,15,10,0,1,6
1014.0,42.9,71.4,72.0,17.0,69.1,8.0,0,1,0,0,1,12,17,6,0,0,2
1018.0,35.7,89.1,73.0,21.0,130.2,3.0,0,1,0,0,0,16,10,9,0,1,0
1014.0,39.9,68.7,93.0,16.0,0.0,3.0,1,0,0,0,0,4,2,6,0,1,1
1021.0,40.8,83.4,100.0,16.0,0.0,0.0,1,0,0,0,0,22,2,9,0,1,5
1023.0,34.2,89.0,68.0,19.0,86.9,3.0,0,1,0,1,0,12,10,8,0,0,0
1016.0,44.8,86.7,88.0,20.0,0.8,0.0,1,0,0,1,0,5,1,8,0,0,6
1016.0,42.7,85.5,100.0,19.0,16.4,3.0,0,1,0,0,0,18,10,8,0,1,6
1023.0,40.8,89.0,93.0,8.0,0.0,3.0,1,0,0,0,0,5,3,12,0,1,2
1017.0,46.2,81.4,93.0,12.0,0.0,0.0,1,0,0,0,0,4,2,11,0,1,6
1023.0,44.2,80.0,72.0,15.0,7.1,4.0,1,0,0,1,0,10,23,9,0,0,1
1019.0,40.0,88.3,93.0,17.0,63.1,3.0,0,1,0,0,0,23,17,8,0,1,3
1006.0,47.1,72.4,71.0,12.0,0.0,4.0,1,0,0,1,0,17,5,4,0,0,2
1016.0,40.2,87.6,82.0,19.0,44.2,6.0,0,1,0,1,0,7,18,8,0,0,1
1018.0,41.5,89.5,93.0,10.0,0.0,5.0,1,0,0,0,0,5,2,3,0,1,1
1014.0,40.4,87.4,64.0,22.0,41.9,3.0,0,1,0,1,0,19,12,10,0,0,4
1018.0,38.1,89.4,50.0,25.0,33.3,4.0,0,1,0,1,0,21,14,10,0,0,6
1006.0,41.5,76.3,93.0,12.0,0.0,2.0,1,0,0,1,0,22,2,4,0,0,0
1023.0,45.3,81.1,49.0,21.0,35.0,5.0,0,0,1,1,0,24,17,10,0,0,2
1020.0,56.2,65.7,100.0,5.0,2.5,1.0,1,0,0,0,0,17,6,1,0,1,3
1014.0,42.9,78.8,68.0,17.0,1.0,3.0,1,0,0,1,0,2,6,9,0,0,0
1019.0,37.3,78.2,88.0,21.0,21.9,2.0,0,1,0,0,1,22,12,5,0,0,2
1015.0,38.5,91.7,53.0,22.0,36.6,4.0,0,1,0,1,0,25,16,8,0,0,5
1020.0,34.8,67.6,82.0,22.0,12.2,3.0,0,1,0,0,1,1,12,7,0,0,0
1012.0,39.6,89.1,77.0,16.0,42.3,4.0,0,1,0,0,0,18,10,10,0,1,3
1014.0,46.6,69.1,93.0,19.0,10.4,0.0,1,0,0,0,1,26,20,8,0,0,0
1021.0,37.4,88.4,47.0,27.0,24.1,3.0,0,1,0,1,0,14,11,9,0,0,5
1021.0,37.1,83.7,63.0,18.0,24.5,2.0,0,1,0,0,1,9,12,6,0,0,6
1020.0,39.2,89.9,93.0,12.0,1.7,7.0,1,0,0,0,0,9,23,2,0,1,5
1013.0,40.0,68.1,100.0,9.0,7.9,2.0,1,0,0,0,0,14,4,6,0,1,4
1022.0,42.4,81.2,100.0,15.0,3.3,1.0,1,0,0,0,0,9,23,9,0,1,6
1021.0,47.5,75.8,100.0,13.0,3.7,0.0,1,0,0,0,0,25,6,9,0,1,2
1016.0,40.4,75.9,88.0,20.0,15.4,1.0,1,0,0,0,0,30,19,9,0,1,0
1021.0,40.2,90.6,77.0,22.0,169.4,7.0,0,1,0,0,0,12,16,8,0,1,0
1020.0,40.9,87.8,88.0,18.0,86.2,4.0,0,1,0,0,0,9,16,9,0,1,6
1018.0,34.6,82.2,73.0,22.0,122.4,5.0,0,1,0,0,0,19,15,8,0,1,0
1012.0,40.3,88.0,71.0,13.0,31.5,3.0,1,0,0,0,0,8,17,11,0,1,3
1029.0,38.8,89.1,67.0,13.0,32.5,2.0,0,1,0,1,0,5,15,2,0,0,1
1024.0,43.0,85.5,76.0,13.0,43.6,2.0,1,0,0,0,0,15,19,2,0,1,4
1016.0,43.1,63.3,100.0,15.0,3.7,3.0,0,1,0,0,0,2,6,7,0,1,1
1009.0,44.9,82.0,81.0,12.0,58.7,3.0,1,0,0,0,0,5,18,11,0,1,0
1020.0,45.1,85.3,93.0,16.0,0.6,4.0,1,0,0,0,0,29,1,8,0,1,2
1016.0,42.3,85.6,60.0,18.0,20.5,4.0,1,0,0,1,0,20,0,10,0,0,5
1023.0,42.0,76.3,93.0,10.0,0.0,0.0,1,0,0,0,0,12,1,12,0,1,2
1007.0,42.8,85.7,55.0,15.0,0.0,3.0,1,0,0,1,0,9,23,10,0,0,1
1021.0,37.1,88.5,68.0,21.0,11.8,3.0,0,1,0,1,0,28,13,9,0,0,5
1021.0,47.2,82.3,93.0,8.0,2.8,2.0,1,0,0,1,0,18,23,2,0,0,0
1021.0,40.5,77.1,93.0,15.0,16.1,1.0,1,0,0,0,0,12,0,5,0,1,6
1019.0,37.1,81.6,53.0,26.0,150.0,6.0,0,1,0,1,0,20,15,8,0,0,1
1022.0,43.3,81.8,100.0,15.0,3.1,4.0,1,0,0,0,0,25,0,9,0,1,2
1030.0,41.5,88.8,71.0,13.0,0.0,2.0,1,0,0,1,0,24,23,2,0,0,6
1017.0,43.9,89.8,100.0,16.0,0.9,1.0,1,0,0,0,0,23,4,8,0,1,3
1011.0,41.1,80.4,76.0,13.0,9.9,5.0,0,1,0,0,0,8,14,11,0,1,3
1017.0,44.0,85.5,100.0,14.0,0.0,2.0,1,0,0,0,0,30,6,9,0,1,6
1018.0,43.0,78.0,100.0,11.0,41.4,1.0,1,0,0,0,0,16,18,1,0,1,2
1020.0,40.0,68.0,93.0,12.0,2.0,1.0,1,0,0,0,1,15,4,6,0,0,5
1014.0,36.7,86.7,55.0,19.0,14.8,3.0,0,1,0,1,0,4,9,5,0,0,5
1020.0,40.3,80.5,67.0,14.0,40.3,2.0,0,1,0,1,0,26,16,1,0,0,5
1017.0,41.4,89.6,93.0,10.0,0.0,4.0,1,0,0,0,0,5,4,3,0,1,1
1011.0,44.9,84.6,100.0,17.0,0.8,0.0,1,0,0,0,0,3,3,9,0,1,0
1014.0,42.4,69.8,73.0,23.0,25.0,2.0,1,0,0,1,0,12,21,7,0,0,4
1007.0,34.9,81.1,87.0,13.0,21.2,7.0,0,1,0,0,0,17,13,4,0,1,2
1017.0,45.2,81.2,100.0,16.0,8.8,5.0,1,0,0,0,0,31,5,8,0,1,5
1020.0,35.9,79.3,56.0,23.0,150.6,4.0,0,1,0,0,1,28,15,4,0,0,6
1015.0,45.5,81.8,100.0,16.0,1.9,1.0,1,0,0,0,0,20,2,9,0,1,4
1009.0,44.3,82.0,100.0,15.0,7.1,9.0,0,0,1,0,0,11,7,11,0,1,6
1021.0,40.3,84.8,72.0,20.0,42.4,2.0,0,1,0,0,0,25,15,9,0,1,2
1016.0,34.1,88.6,100.0,18.0,19.9,1.0,1,0,0,0,1,13,23,7,0,0,5
1011.0,36.7,78.5,81.0,10.0,2.3,7.0,1,0,0,0,0,21,23,11,0,1,2
1019.0,39.6,87.8,77.0,20.0,57.0,3.0,0,1,0,1,0,13,15,9,0,0,3
1016.0,34.7,89.0,77.0,21.0,32.9,4.0,0,1,0,0,1,6,18,7,0,0,5
1017.0,37.0,91.7,73.0,21.0,18.8,3.0,0,1,0,0,0,28,11,7,0,1,5
1020.0,42.8,68.7,81.0,11.0,8.4,3.0,1,0,0,0,0,22,20,1,0,1,1
1017.0,45.8,75.6,63.0,16.0,90.6,3.0,0,1,0,0,1,5,17,6,0,0,2
1028.0,51.7,78.9,93.0,6.0,1.5,1.0,1,0,0,1,0,11,2,2,0,0,0
1020.0,34.5,93.8,73.0,19.0,28.8,1.0,0,1,0,1,0,24,12,8,0,0,4
1023.0,41.7,90.9,72.0,18.0,38.8,4.0,0,1,0,0,1,10,11,9,0,0,1
1018.0,34.6,79.4,63.0,14.0,38.4,7.0,0,1,0,0,1,17,12,5,0,0,4
1019.0,41.7,73.9,81.0,9.0,9.8,0.0,1,0,0,1,0,30,2,3,0,0,5
1016.0,43.1,83.2,83.0,21.0,21.1,3.0,0,1,0,0,0,22,13,8,0,1,2
1022.0,44.7,79.1,44.0,23.0,16.1,4.0,0,1,0,1,0,22,12,10,0,0,0
1022.0,35.6,91.8,57.0,11.0,47.1,7.0,0,1,0,0,0,2,17,2,0,1,5
1017.0,41.0,82.6,93.0,16.0,0.0,0.0,1,0,0,0,0,12,5,8,1,0,6
1014.0,38.5,86.1,77.0,25.0,76.5,2.0,0,1,0,0,0,2,15,7,0,1,1
1004.0,46.8,81.1,76.0,9.0,114.8,1.0,0,0,1,1,0,10,7,10,0,0,2
1017.0,36.9,74.4,88.0,19.0,22.2,1.0,0,1,0,0,0,26,11,6,0,1,2
1020.0,46.1,81.9,100.0,14.0,0.0,1.0,1,0,0,0,0,29,6,8,0,1,2
1028.0,37.3,94.9,71.0,10.0,9.2,2.0,1,0,0,1,0,24,0,2,0,0,6
1018.0,36.9,79.6,100.0,17.0,6.6,5.0,1,0,0,0,0,31,0,8,0,1,5
1019.0,41.5,73.7,87.0,16.0,10.8,6.0,1,0,0,0,0,9,21,9,0,1,0
1022.0,34.8,74.8,87.0,6.0,2.1,3.0,1,0,0,1,0,17,21,1,0,0,3
1017.0,40.6,78.3,77.0,20.0,63.6,5.0,0,1,0,0,0,30,15,4,0,1,1
1030.0,37.7,86.7,100.0,6.0,2.6,0.0,1,0,0,1,0,4,23,2,0,0,0
1023.0,43.7,76.5,88.0,17.0,11.7,1.0,1,0,0,0,1,11,21,8,0,0,6
1029.0,41.6,87.8,87.0,9.0,0.0,1.0,1,0,0,1,0,12,21,2,0,0,1
1017.0,37.8,90.6,65.0,30.0,18.9,3.0,0,1,0,1,0,3,13,8,0,0,4
1024.0,43.1,83.3,81.0,8.0,84.2,2.0,0,1,0,1,0,13,10,11,0,0,1
1023.0,43.0,80.7,87.0,12.0,29.5,5.0,0,1,0,0,0,28,15,1,0,1,0
1015.0,37.5,82.8,72.0,14.0,5.9,5.0,1,0,0,1,0,14,21,11,0,0,2
1021.0,50.8,83.6,81.0,9.0,3.9,1.0,1,0,0,1,0,14,2,11,0,0,2
1015.0,42.4,81.2,93.0,17.0,0.0,1.0,1,0,0,0,0,5,21,9,0,1,2
1015.0,42.6,82.9,83.0,23.0,59.8,4.0,0,1,0,0,0,15,18,7,0,1,0
1016.0,40.4,87.9,88.0,19.0,32.8,3.0,0,1,0,0,0,22,12,8,0,1,2
1020.0,39.8,68.8,100.0,10.0,0.0,1.0,0,1,0,0,0,9,6,6,0,1,6
1019.0,38.1,85.1,21.0,27.0,2.8,2.0,1,0,0,1,0,12,20,5,0,0,6
1021.0,47.8,88.9,100.0,16.0,1.5,1.0,1,0,0,1,0,28,6,9,0,0,4
1015.0,47.0,85.4,94.0,20.0,0.0,0.0,1,0,0,1,0,5,5,8,0,0,6
1020.0,49.8,73.4,53.0,21.0,4.6,1.0,1,0,0,1,0,14,5,9,0,0,5
1016.0,38.1,74.5,73.0,21.0,30.2,3.0,0,1,0,0,0,26,15,6,0,1,2
1018.0,44.5,85.0,47.0,12.0,0.9,4.0,1,0,0,1,0,8,0,10,0,0,0
1021.0,37.3,91.9,62.0,13.0,69.6,3.0,0,1,0,0,0,4,16,3,0,1,0
1021.0,41.3,83.8,47.0,23.0,9.7,5.0,1,0,0,1,0,14,3,9,0,0,5
1014.0,37.5,81.7,93.0,19.0,3.4,3.0,1,0,0,0,0,2,22,7,0,1,1
1018.0,42.2,85.6,100.0,16.0,13.3,1.0,1,0,0,0,0,31,3,8,0,1,5
1020.0,42.2,89.1,87.0,10.0,2.7,3.0,1,0,0,1,0,18,21,2,0,0,0
1018.0,35.8,88.5,44.0,27.0,39.2,4.0,0,1,0,1,0,14,18,9,0,0,5
1013.0,37.6,84.9,87.0,13.0,0.0,4.0,0,1,0,0,0,14,8,10,0,1,6
1014.0,39.4,88.2,93.0,18.0,0.0,0.0,1,0,0,0,1,7,23,7,0,0,6
1016.0,44.0,86.9,88.0,15.0,0.0,1.0,1,0,0,0,0,28,5,7,0,1,5
1019.0,42.2,84.3,93.0,9.0,1.0,3.0,1,0,0,0,0,9,6,11,0,1,4
1018.0,42.1,73.1,88.0,18.0,24.9,2.0,0,1,0,0,0,22,9,7,0,1,0
1022.0,43.4,61.4,49.0,18.0,8.6,3.0,0,1,0,1,0,30,6,5,0,0,3
1016.0,41.8,83.7,93.0,18.0,15.2,2.0,0,1,0,0,0,22,19,8,0,1,2
985.0,42.3,74.6,97.0,10.0,0.0,0.0,1,0,0,0,0,19,4,11,1,0,0
1023.0,40.9,68.6,76.0,12.0,44.1,5.0,0,1,0,0,0,28,10,11,0,1,2
1020.0,43.8,64.1,100.0,15.0,3.0,2.0,1,0,0,0,0,10,21,5,0,1,4
1019.0,35.2,81.3,76.0,12.0,62.4,3.0,1,0,0,1,0,26,18,1,0,0,5
1018.0,46.1,79.4,100.0,14.0,2.7,0.0,1,0,0,0,0,17,0,9,0,1,0
1018.0,44.0,81.4,100.0,16.0,3.6,0.0,1,0,0,0,0,23,1,8,0,1,3
1013.0,44.4,82.6,76.0,10.0,0.0,4.0,1,0,0,0,0,8,4,11,0,1,3
1020.0,40.1,66.6,100.0,11.0,0.0,0.0,0,1,0,0,1,15,6,6,0,0,5
1015.0,41.6,89.9,100.0,19.0,13.3,2.0,1,0,0,0,0,18,1,8,0,1,6
1021.0,40.4,92.1,88.0,19.0,22.7,5.0,1,0,0,1,0,19,19,9,0,0,2
1018.0,36.9,77.4,77.0,17.0,15.4,6.0,0,1,0,0,0,10,13,5,0,1,4
1024.0,36.5,74.7,100.0,13.0,16.2,4.0,1,0,0,0,0,1,20,12,0,1,5
1014.0,44.7,65.1,93.0,12.0,0.0,0.0,1,0,0,0,0,9,5,5,0,1,3
1014.0,36.4,79.5,49.0,23.0,36.9,3.0,0,1,0,1,0,4,15,5,0,0,5
1015.0,33.0,80.9,82.0,21.0,24.3,2.0,0,1,0,0,0,4,19,7,0,1,3
1014.0,37.7,90.3,54.0,26.0,10.6,2.0,1,0,0,1,0,20,20,8,0,0,0
1012.0,40.2,80.8,93.0,15.0,16.8,5.0,1,0,0,0,0,22,2,9,0,1,6
1023.0,40.0,68.1,93.0,9.0,3.3,3.0,1,0,0,0,0,8,3,6,0,1,5
1021.0,35.2,72.9,87.0,14.0,2.2,1.0,0,1,0,0,0,10,8,6,0,1,0
1015.0,46.4,78.9,100.0,14.0,9.1,0.0,1,0,0,0,1,25,6,8,0,0,6
1004.0,42.4,88.7,93.0,9.0,0.0,3.0,1,0,0,0,0,31,5,10,0,1,2
1019.0,45.5,81.3,87.0,12.0,64.0,1.0,1,0,0,1,0,12,18,11,0,0,0
1019.0,49.2,71.4,93.0,19.0,2.3,1.0,1,0,0,0,0,29,20,8,0,1,3
1018.0,40.2,87.3,82.0,17.0,14.1,1.0,0,1,0,0,0,30,10,9,0,1,6
1022.0,36.1,71.9,100.0,13.0,1.3,1.0,1,0,0,0,0,4,3,12,0,1,1
1020.0,45.5,81.3,93.0,11.0,43.1,1.0,1,0,0,0,0,12,19,11,0,1,0
1027.0,41.8,86.9,100.0,9.0,0.0,0.0,1,0,0,1,0,1,4,3,0,0,4
1016.0,42.4,93.3,72.0,19.0,34.7,2.0,1,0,0,1,0,20,20,10,0,0,5
1018.0,45.9,71.2,93.0,13.0,47.6,7.0,0,0,1,0,0,24,8,1,0,1,3
1023.0,40.0,101.2,87.0,7.0,6.6,2.0,1,0,0,1,0,21,2,2,0,0,3
1019.0,37.4,74.8,93.0,12.0,17.2,2.0,1,0,0,0,0,24,5,5,0,1,4
1022.0,42.3,89.6,77.0,20.0,27.4,5.0,0,1,0,0,1,11,18,8,0,0,6
1022.0,39.7,88.7,72.0,14.0,11.5,2.0,0,1,0,1,0,10,8,8,0,0,4
1015.0,37.1,89.6,50.0,24.0,59.6,2.0,1,0,0,1,0,20,18,10,0,0,5
1018.0,35.9,80.7,68.0,21.0,108.8,5.0,0,1,0,0,1,16,15,6,0,0,6
1020.0,40.3,75.8,71.0,15.0,89.0,5.0,1,0,0,1,0,28,17,11,0,0,2
1011.0,42.9,74.5,93.0,15.0,3.8,5.0,1,0,0,0,0,22,0,9,0,1,6
1022.0,47.5,78.0,76.0,7.0,63.4,5.0,0,1,0,1,0,21,8,2,0,0,3
1013.0,37.8,75.9,67.0,18.0,59.1,4.0,0,1,0,0,1,13,14,6,0,0,3
1014.0,43.1,75.3,88.0,18.0,3.1,7.0,1,0,0,0,0,1,23,9,0,1,6
1019.0,39.9,83.6,88.0,20.0,39.0,2.0,0,1,0,0,0,9,14,9,0,1,0
1015.0,43.0,86.8,88.0,19.0,44.5,2.0,0,1,0,0,0,25,18,7,0,1,2
1011.0,35.2,81.3,77.0,19.0,28.5,10.0,0,1,0,0,0,18,11,6,0,1,1
1017.0,43.7,87.8,100.0,14.0,0.0,1.0,0,0,1,0,0,13,6,8,0,1,0
1015.0,41.3,85.5,82.0,20.0,11.1,1.0,1,0,0,1,0,15,20,8,0,0,2
1022.0,34.4,95.0,45.0,21.0,36.9,3.0,0,1,0,1,0,14,16,2,0,0,3
1017.0,48.6,71.9,60.0,19.0,0.0,4.0,1,0,0,1,0,5,3,9,0,0,3
1018.0,40.4,87.4,77.0,18.0,74.8,6.0,0,1,0,0,0,6,16,10,0,1,5
1021.0,44.5,85.0,88.0,15.0,44.6,1.0,0,1,0,1,0,11,8,9,0,0,1
1029.0,42.5,75.0,93.0,13.0,0.0,0.0,1,0,0,0,0,6,4,12,0,1,3
1016.0,45.7,85.4,72.0,19.0,27.6,1.0,1,0,0,1,0,18,23,8,0,0,5
1016.0,43.5,71.2,68.0,24.0,13.2,7.0,1,0,0,1,0,22,22,8,0,0,3
1022.0,45.6,86.2,65.0,25.0,123.3,3.0,0,0,1,1,0,26,18,9,0,0,2
1020.0,42.8,70.1,93.0,18.0,8.4,3.0,1,0,0,0,0,30,21,6,0,1,6
1014.0,37.9,82.4,93.0,20.0,14.1,3.0,1,0,0,0,0,11,23,7,0,1,3
1015.0,37.7,71.6,68.0,22.0,40.3,5.0,0,1,0,0,1,27,16,5,0,0,0
1014.0,52.1,65.9,93.0,14.0,1.3,3.0,1,0,0,0,1,16,1,5,0,0,3
1017.0,39.4,89.5,77.0,20.0,150.5,5.0,0,1,0,0,0,7,11,8,0,1,1
1023.0,42.3,74.8,100.0,14.0,0.0,6.0,1,0,0,0,0,3,4,12,0,1,0
1021.0,43.0,78.5,100.0,12.0,125.1,1.0,0,1,0,1,0,26,8,9,0,0,3
1015.0,45.1,91.2,100.0,17.0,2.3,2.0,1,0,0,0,0,27,5,8,0,1,1
1013.0,36.5,69.7,63.0,17.0,23.6,5.0,0,1,0,0,1,13,13,6,0,0,3
1016.0,40.3,77.9,100.0,17.0,16.8,2.0,0,1,0,0,0,27,7,8,0,1,1
1023.0,45.7,68.1,100.0,13.0,80.3,6.0,0,1,0,0,0,3,9,12,0,1,0
1017.0,38.3,86.5,69.0,25.0,56.8,5.0,0,1,0,0,0,18,14,7,0,1,3
1020.0,38.0,74.3,93.0,13.0,21.6,1.0,1,0,0,0,0,15,0,6,0,1,5
1017.0,46.9,79.4,77.0,15.0,25.2,2.0,0,1,0,0,0,12,12,11,0,1,0
1020.0,49.6,62.7,48.0,17.0,3.9,4.0,1,0,0,1,0,29,0,5,0,0,2
1014.0,44.1,85.4,64.0,20.0,30.9,6.0,0,1,0,1,0,26,18,8,0,0,6
1020.0,46.1,83.0,81.0,11.0,38.7,4.0,1,0,0,0,0,22,19,1,0,1,1
1002.0,41.3,77.9,93.0,14.0,14.9,13.0,1,0,0,0,0,13,23,10,0,1,5
1016.0,36.6,78.6,77.0,19.0,53.6,6.0,0,1,0,0,0,30,17,4,0,1,1
1015.0,42.9,71.5,100.0,18.0,11.4,1.0,1,0,0,0,1,26,23,8,0,0,0
1016.0,33.5,88.2,93.0,18.0,129.8,4.0,0,1,0,0,0,14,15,4,0,1,6
1022.0,36.1,69.3,76.0,15.0,7.0,1.0,0,1,0,0,1,8,9,6,0,0,5
1017.0,37.1,82.6,100.0,17.0,29.2,1.0,0,1,0,0,0,18,11,9,0,1,2
1017.0,45.2,78.8,30.0,24.0,8.6,3.0,1,0,0,1,0,5,20,9,0,0,3
1016.0,38.6,92.9,82.0,20.0,31.2,3.0,0,1,0,0,0,15,13,8,0,1,2
1013.0,37.4,81.7,61.0,22.0,4.8,3.0,0,0,1,1,0,1,20,8,0,0,2
1020.0,46.4,83.4,72.0,21.0,39.6,3.0,0,1,0,0,0,29,17,7,0,1,6
1017.0,39.9,84.8,82.0,19.0,0.0,0.0,1,0,0,0,0,6,22,8,0,1,0
1019.0,42.4,88.7,93.0,15.0,0.0,0.0,1,0,0,1,0,12,6,9,0,0,2
1019.0,37.7,65.5,93.0,17.0,4.1,1.0,1,0,0,0,1,27,23,6,0,0,3
1020.0,45.8,87.8,82.0,19.0,2.1,1.0,1,0,0,0,0,29,22,7,0,1,6
1017.0,33.8,84.4,77.0,20.0,5.7,4.0,0,0,1,0,0,21,20,7,0,1,6
1019.0,44.7,85.7,93.0,16.0,12.1,0.0,1,0,0,1,0,12,2,9,0,0,2
1023.0,38.6,75.9,87.0,11.0,26.6,2.0,0,1,0,0,0,22,11,1,0,1,1
1020.0,42.5,74.1,100.0,6.0,0.0,0.0,1,0,0,1,0,17,5,1,0,0,3
1018.0,33.9,75.9,77.0,16.0,48.8,4.0,0,1,0,0,0,5,11,6,0,1,2
1020.0,33.6,76.9,34.0,30.0,64.6,3.0,0,1,0,1,0,31,15,5,0,0,4
1018.0,42.8,92.0,93.0,19.0,0.0,1.0,1,0,0,0,0,31,4,7,0,1,1
1016.0,36.9,91.3,88.0,22.0,20.1,2.0,0,1,0,0,0,7,13,7,0,1,6
1021.0,42.2,85.6,77.0,19.0,12.5,3.0,0,1,0,0,0,29,12,9,0,1,6
1022.0,37.1,78.4,35.0,30.0,21.9,3.0,0,1,0,1,0,13,12,9,0,0,4
1023.0,46.3,82.9,93.0,13.0,0.0,5.0,1,0,0,0,0,2,7,12,0,1,6
1017.0,40.9,86.5,28.0,29.0,21.5,4.0,0,1,0,1,0,20,10,8,0,0,0
1022.0,40.6,80.8,87.0,4.0,76.6,4.0,0,1,0,1,0,20,9,2,0,0,2
1018.0,40.2,66.9,82.0,16.0,0.0,1.0,0,1,0,0,0,1,6,6,0,1,5
1026.0,40.3,96.7,71.0,10.0,7.1,1.0,1,0,0,1,0,13,21,2,0,0,2
1016.0,42.5,89.0,60.0,19.0,16.4,3.0,0,1,0,1,0,5,13,10,0,0,4
1017.0,42.6,78.4,100.0,17.0,0.6,1.0,1,0,0,0,0,17,2,9,0,1,1
1029.0,35.3,96.7,67.0,12.0,32.2,1.0,0,1,0,1,0,5,14,2,0,0,1
1015.0,38.9,82.7,77.0,24.0,31.8,3.0,0,1,0,0,0,2,13,7,0,1,1
1016.0,37.1,90.7,64.0,22.0,27.1,3.0,0,1,0,0,0,27,12,7,0,1,4
1018.0,37.1,89.6,21.0,30.0,32.9,2.0,0,1,0,1,0,25,14,9,0,0,1
1014.0,43.0,48.1,100.0,16.0,26.5,1.0,1,0,0,0,0,24,2,6,0,1,0
1012.0,42.3,83.2,68.0,19.0,9.2,2.0,1,0,0,1,0,7,22,9,0,0,4
1023.0,37.8,90.2,100.0,11.0,3.2,4.0,1,0,0,0,0,9,0,2,0,1,5
1016.0,39.4,89.1,82.0,20.0,126.0,3.0,0,1,0,0,0,8,11,8,0,1,2
1008.0,46.2,89.4,100.0,16.0,2.3,8.0,0,0,1,0,0,21,7,9,0,1,5
1018.0,37.9,65.4,93.0,16.0,61.2,2.0,1,0,0,0,1,2,2,6,0,0,6
1024.0,37.4,66.5,93.0,8.0,3.2,0.0,1,0,0,1,0,26,21,11,0,0,0
1020.0,40.3,65.6,100.0,15.0,0.0,1.0,1,0,0,0,1,22,22,5,0,0,2
1016.0,37.4,81.9,100.0,16.0,3.1,4.0,1,0,0,0,0,20,4,7,1,0,5
1022.0,45.7,67.6,77.0,16.0,9.3,7.0,1,0,0,0,0,10,20,9,0,1,1
1021.0,34.9,79.5,67.0,15.0,26.3,6.0,0,1,0,0,0,28,15,11,0,1,2
1027.0,41.5,87.8,81.0,9.0,0.0,4.0,1,0,0,1,0,22,2,2,0,0,4
1014.0,39.8,62.2,82.0,15.0,52.7,4.0,0,1,0,0,0,8,18,5,0,1,2
1017.0,41.4,91.2,88.0,18.0,5.3,4.0,0,1,0,0,0,7,7,8,0,1,1
1029.0,45.2,78.9,93.0,2.0,5.2,1.0,1,0,0,1,0,5,7,2,0,0,1
997.0,45.6,86.2,93.0,11.0,0.8,4.0,1,0,0,0,0,30,5,10,0,1,1
1006.0,44.5,81.3,67.0,13.0,1.2,3.0,1,0,0,1,0,10,0,10,0,0,2
1023.0,41.3,89.9,50.0,14.0,0.0,4.0,1,0,0,1,0,15,2,2,0,0,4
1017.0,44.0,69.1,63.0,20.0,37.0,8.0,0,1,0,0,1,11,17,6,0,0,1
1013.0,50.2,80.5,100.0,11.0,1.1,5.0,1,0,0,0,0,24,5,11,0,1,5
1028.0,38.0,85.6,100.0,9.0,4.6,0.0,1,0,0,1,0,1,2,3,0,0,4
1013.0,43.8,80.4,100.0,16.0,0.0,1.0,1,0,0,0,0,5,1,9,0,1,2
1004.0,46.0,83.2,87.0,10.0,83.2,5.0,0,1,0,0,0,5,8,11,0,1,0
1016.0,41.7,93.0,82.0,21.0,15.9,7.0,0,1,0,0,0,18,13,8,0,1,6
